file_size_pair,query_family,selectivity_id,selectivity_pct,median_delta_ms,ci_95_lower_ms,ci_95_upper_ms,operational_zone,zone_description
64_vs_32,Q1,0.0001,0.01,16.8518,5.4271,23.1473,ZONE_I_BASELINE_PREFERRED,32 MiB Signifikan Lebih Cepat (penalti I/O 64 MiB nyata)
64_vs_32,Q1,0.001,0.1,18.5088,12.9367,26.1424,ZONE_I_BASELINE_PREFERRED,32 MiB Signifikan Lebih Cepat (penalti I/O 64 MiB nyata)
64_vs_32,Q1,0.01,1.0,-5.7429,-12.5365,1.1151,ZONE_II_UNCERTAINTY,Region of Uncertainty (margin sempit / 95% CI memuat nol)
64_vs_32,Q1,0.05,5.0,12.1412,3.8114,25.9652,ZONE_I_BASELINE_PREFERRED,32 MiB Signifikan Lebih Cepat (penalti I/O 64 MiB nyata)
64_vs_32,Q1,0.10,10.0,28.9374,24.8953,35.6503,ZONE_I_BASELINE_PREFERRED,32 MiB Signifikan Lebih Cepat (penalti I/O 64 MiB nyata)
64_vs_32,Q1,0.50,50.0,-18.1242,-30.4587,10.2864,ZONE_II_UNCERTAINTY,Region of Uncertainty (margin sempit / 95% CI memuat nol)
64_vs_32,Q2,0.0001,0.01,34.5339,25.7008,40.257,ZONE_I_BASELINE_PREFERRED,32 MiB Signifikan Lebih Cepat (penalti I/O 64 MiB nyata)
64_vs_32,Q2,0.001,0.1,36.4992,29.3197,42.4933,ZONE_I_BASELINE_PREFERRED,32 MiB Signifikan Lebih Cepat (penalti I/O 64 MiB nyata)
64_vs_32,Q2,0.01,1.0,-5.0046,-8.1874,3.2202,ZONE_II_UNCERTAINTY,Region of Uncertainty (margin sempit / 95% CI memuat nol)
64_vs_32,Q2,0.05,5.0,-1.4775,-9.9896,16.5801,ZONE_II_UNCERTAINTY,Region of Uncertainty (margin sempit / 95% CI memuat nol)
64_vs_32,Q2,0.10,10.0,22.2572,-2.1917,25.7656,ZONE_II_UNCERTAINTY,Region of Uncertainty (margin sempit / 95% CI memuat nol)
64_vs_32,Q2,0.50,50.0,-28.4991,-38.8503,1.5761,ZONE_II_UNCERTAINTY,Region of Uncertainty (margin sempit / 95% CI memuat nol)
64_vs_32,Q3,0.0001,0.01,35.5995,19.4927,42.6717,ZONE_I_BASELINE_PREFERRED,32 MiB Signifikan Lebih Cepat (penalti I/O 64 MiB nyata)
64_vs_32,Q3,0.001,0.1,34.2743,21.9786,44.2685,ZONE_I_BASELINE_PREFERRED,32 MiB Signifikan Lebih Cepat (penalti I/O 64 MiB nyata)
64_vs_32,Q3,0.01,1.0,16.3869,9.918,24.9212,ZONE_I_BASELINE_PREFERRED,32 MiB Signifikan Lebih Cepat (penalti I/O 64 MiB nyata)
64_vs_32,Q3,0.05,5.0,29.4195,19.0074,39.9307,ZONE_I_BASELINE_PREFERRED,32 MiB Signifikan Lebih Cepat (penalti I/O 64 MiB nyata)
64_vs_32,Q3,0.10,10.0,26.8529,7.1788,52.9427,ZONE_I_BASELINE_PREFERRED,32 MiB Signifikan Lebih Cepat (penalti I/O 64 MiB nyata)
64_vs_32,Q3,0.50,50.0,6.2617,-28.2454,19.4701,ZONE_II_UNCERTAINTY,Region of Uncertainty (margin sempit / 95% CI memuat nol)
