run_index,block_index,query_id,condition,file_size_mib,query_family,selectivity_id,elapsed_ms,cell_p50_ms,cell_p95_ms,cpu_ms,planning_ms,queued_ms,splits,physical_mib,anomaly_category,root_cause_diagnosis
1127,15,20260922_002011_01231_dfeii,64MiB_Q2_0.50,64,Q2,0.50,653.63,464.44,572.98,945.0,10.24,0.142,55,89.42,TAIL_LATENCY_HEAVY_TAIL,Latensi 653.6ms berada pada ekor distribusi atas (> P95 573.0ms) akibat OS jitter.
168,2,20260922_001554_00250_dfeii,8MiB_Q3_0.50,8,Q3,0.50,552.15,362.97,514.97,1790.0,31.42,0.305,81,91.22,PLANNING_SPIKE,Planning time 31.4ms melampaui 1.5x median (15.5ms) akibat parsing metadata.
741,10,20260922_001828_00836_dfeii,8MiB_Q3_0.50,8,Q3,0.50,513.01,362.97,514.97,1630.0,16.44,0.197,81,91.22,SPLIT_OVERPROLIFERATION,Jumlah split tinggi (81 splits) memicu beban overhead koordinasi task worker.
1228,17,20260922_002039_01335_dfeii,8MiB_Q1_0.50,8,Q1,0.50,354.8,204.84,273.3,1110.0,6.03,0.136,64,70.45,SPLIT_OVERPROLIFERATION,Jumlah split tinggi (64 splits) memicu beban overhead koordinasi task worker.
1235,17,20260922_002041_01342_dfeii,16MiB_Q3_0.10,16,Q3,0.10,483.4,342.84,392.12,1090.0,34.44,0.189,56,54.81,PLANNING_SPIKE,Planning time 34.4ms melampaui 1.5x median (14.5ms) akibat parsing metadata.
1132,15,20260922_002013_01236_dfeii,32MiB_Q3_0.50,32,Q3,0.50,659.58,533.79,658.8,1740.0,14.46,0.169,73,95.51,TAIL_LATENCY_HEAVY_TAIL,Latensi 659.6ms berada pada ekor distribusi atas (> P95 658.8ms) akibat OS jitter.
1173,16,20260922_002024_01278_dfeii,32MiB_Q3_0.50,32,Q3,0.50,658.76,533.79,658.8,1690.0,12.33,0.168,73,95.51,RESULT_SERIALIZATION_CONTENTION,Kontensi penyusunan tabel hasil agregasi grouping MessageType pada thread output.
472,6,20260922_001718_00561_dfeii,8MiB_Q3_0.50,8,Q3,0.50,485.25,362.97,514.97,1600.0,19.84,0.24,81,91.22,SPLIT_OVERPROLIFERATION,Jumlah split tinggi (81 splits) memicu beban overhead koordinasi task worker.
1123,15,20260922_002010_01227_dfeii,16MiB_Q2_0.10,16,Q2,0.10,433.13,311.44,353.05,601.0,8.12,0.146,47,50.27,TAIL_LATENCY_HEAVY_TAIL,Latensi 433.1ms berada pada ekor distribusi atas (> P95 353.0ms) akibat OS jitter.
172,2,20260922_001556_00254_dfeii,64MiB_Q3_0.10,64,Q3,0.10,490.24,377.98,477.55,1170.0,20.86,0.229,54,71.21,PLANNING_SPIKE,Planning time 20.9ms melampaui 1.5x median (13.9ms) akibat parsing metadata.
346,4,20260922_001643_00432_dfeii,64MiB_Q3_0.50,64,Q3,0.50,631.61,525.92,599.31,1720.0,17.73,0.225,64,97.47,TAIL_LATENCY_HEAVY_TAIL,Latensi 631.6ms berada pada ekor distribusi atas (> P95 599.3ms) akibat OS jitter.
603,8,20260922_001752_00695_dfeii,64MiB_Q2_0.50,64,Q2,0.50,568.73,464.44,572.98,943.0,7.98,0.243,55,89.42,UNEXPLAINED_RESIDUAL,Fluktuasi latensi berada di atas threshold IQR tanpa sinyal telemetri yang jelas.
1089,15,20260922_002001_01192_dfeii,64MiB_Q3_0.10,64,Q3,0.10,476.88,377.98,477.55,1110.0,15.16,0.228,54,71.21,RESULT_SERIALIZATION_CONTENTION,Kontensi penyusunan tabel hasil agregasi grouping MessageType pada thread output.
697,9,20260922_001817_00791_dfeii,16MiB_Q3_0.50,16,Q3,0.50,617.33,524.69,590.74,1640.0,24.62,0.285,73,85.15,PLANNING_SPIKE,Planning time 24.6ms melampaui 1.5x median (13.8ms) akibat parsing metadata.
390,5,20260922_001654_00477_dfeii,8MiB_Q3_0.50,8,Q3,0.50,454.2,362.97,514.97,1600.0,17.16,0.3,81,91.22,SPLIT_OVERPROLIFERATION,Jumlah split tinggi (81 splits) memicu beban overhead koordinasi task worker.
1531,21,20260922_002157_01644_dfeii,8MiB_Q3_0.50,8,Q3,0.50,449.11,362.97,514.97,1670.0,17.37,0.175,81,91.22,SPLIT_OVERPROLIFERATION,Jumlah split tinggi (81 splits) memicu beban overhead koordinasi task worker.
1090,15,20260922_002001_01193_dfeii,32MiB_Q2_0.50,32,Q2,0.50,577.24,492.12,543.91,1060.0,21.45,0.429,64,87.52,PLANNING_SPIKE,Planning time 21.4ms melampaui 1.5x median (8.8ms) akibat parsing metadata.
798,11,20260922_001843_00895_dfeii,8MiB_Q3_0.50,8,Q3,0.50,437.55,362.97,514.97,1580.0,13.07,0.177,81,91.22,MEMORY_SPIKE,Alokasi heap memori mencapai 19520469 bytes melampaui batas P90 sel.
161,2,20260922_001552_00243_dfeii,16MiB_Q1_0.50,16,Q1,0.50,412.67,338.15,376.44,851.0,9.72,0.25,56,62.02,EARLY_BLOCK_COLD_PENALTY,Eksekusi pada blok awal (Blok 2) mengalami efek transisi pemanasan JIT / page cache.
907,12,20260922_001913_01006_dfeii,64MiB_Q3_0.50,64,Q3,0.50,597.61,525.92,599.31,1670.0,12.8,0.143,64,97.47,MEMORY_SPIKE,Alokasi heap memori mencapai 4512552 bytes melampaui batas P90 sel.
652,9,20260922_001805_00745_dfeii,8MiB_Q2_0.50,8,Q2,0.50,348.32,280.59,320.08,967.0,13.43,0.215,72,84.19,SPLIT_OVERPROLIFERATION,Jumlah split tinggi (72 splits) memicu beban overhead koordinasi task worker.
639,8,20260922_001802_00732_dfeii,64MiB_Q3_0.50,64,Q3,0.50,593.31,525.92,599.31,1650.0,22.51,0.207,64,97.47,PLANNING_SPIKE,Planning time 22.5ms melampaui 1.5x median (14.5ms) akibat parsing metadata.
163,2,20260922_001553_00245_dfeii,16MiB_Q3_0.50,16,Q3,0.50,589.34,524.69,590.74,1700.0,20.75,0.248,73,85.15,PLANNING_SPIKE,Planning time 20.8ms melampaui 1.5x median (13.8ms) akibat parsing metadata.
171,2,20260922_001555_00253_dfeii,8MiB_Q1_0.50,8,Q1,0.50,269.01,204.84,273.3,728.0,9.26,0.211,64,70.45,SPLIT_OVERPROLIFERATION,Jumlah split tinggi (64 splits) memicu beban overhead koordinasi task worker.
567,7,20260922_001742_00658_dfeii,8MiB_Q3_0.10,8,Q3,0.10,300.45,236.58,283.99,930.0,15.37,0.299,57,54.5,SPLIT_OVERPROLIFERATION,Jumlah split tinggi (57 splits) memicu beban overhead koordinasi task worker.
