condition,file_size,selectivity_band,v1_median_ms,h22_median_ms,relative_deviation_pct
08mib_S1_0.01pct,08mib,S1_0.01pct,102.01180000149179,149.71,46.76
08mib_S4_5.0pct,08mib,S4_5.0pct,153.16590000293218,203.47,32.84
08mib_S6_50.0pct,08mib,S6_50.0pct,273.144399994635,438.81,60.65
16mib_S1_0.01pct,16mib,S1_0.01pct,129.92629999644123,184.87,42.29
16mib_S4_5.0pct,16mib,S4_5.0pct,193.40304998331703,249.77,29.15
16mib_S6_50.0pct,16mib,S6_50.0pct,417.38769999938086,589.56,41.25
32mib_S1_0.01pct,32mib,S1_0.01pct,145.0180500105489,188.7,30.12
32mib_S4_5.0pct,32mib,S4_5.0pct,215.56924999458715,269.27,24.91
32mib_S6_50.0pct,32mib,S6_50.0pct,444.7824499948183,519.49,16.8
64mib_S1_0.01pct,64mib,S1_0.01pct,162.13620000053197,218.73,34.9
64mib_S4_5.0pct,64mib,S4_5.0pct,229.3686499906471,290.68,26.73
64mib_S6_50.0pct,64mib,S6_50.0pct,427.90660000173375,531.99,24.32
