file_size_mib,query_family,selectivity_id,selectivity_label,latency_median_ms,latency_p5_ms,latency_p95_ms,physical_input_mib_median,physical_input_bytes_median,completed_splits_median,cpu_time_median_ms,peak_memory_bytes_median,planning_time_median_ms,bytes_ratio_vs_32mib,splits_ratio_vs_32mib,paired_delta_latency_median_ms,paired_delta_mib_median,paired_delta_splits_median,paired_delta_cpu_median_ms,operational_regime
8,Q1,0.0001,0.01%,37.47,32.96,50.2,4.215,4419612.0,11.0,15.0,736.0,7.08,0.5152,0.9167,-41.7,-3.965,-1.0,-19.5,PRUNING_WIN
16,Q1,0.0001,0.01%,67.81,61.81,78.48,4.042,4238588.0,11.0,19.0,736.0,6.83,0.4941,0.9167,-14.21,-4.138,-1.0,-15.0,TRANSITION_BALANCED
32,Q1,0.0001,0.01%,79.23,73.83,109.8,8.18,8577613.0,12.0,34.0,768.0,6.88,1.0,1.0,0.0,0.0,0.0,0.0,BASELINE
64,Q1,0.0001,0.01%,98.4,90.71,107.77,14.651,15363037.0,14.0,69.5,928.0,6.75,1.7911,1.1667,16.71,6.471,2.0,33.0,SPLIT_OVERHEAD_PENALTY
8,Q1,0.001,0.1%,40.31,32.02,49.43,4.215,4419612.0,11.0,15.0,688.0,7.43,0.5152,0.9167,-45.17,-3.965,-1.0,-23.5,PRUNING_WIN
16,Q1,0.001,0.1%,69.61,61.9,80.72,4.042,4238588.0,11.0,20.0,736.0,6.89,0.4941,0.9167,-14.74,-4.138,-1.0,-18.5,TRANSITION_BALANCED
32,Q1,0.001,0.1%,81.72,75.15,104.01,8.18,8577613.0,12.0,39.0,768.0,6.75,1.0,1.0,0.0,0.0,0.0,0.0,BASELINE
64,Q1,0.001,0.1%,103.62,92.49,117.61,14.651,15363037.0,14.0,72.0,928.0,7.14,1.7911,1.1667,16.98,6.471,2.0,33.0,SPLIT_OVERHEAD_PENALTY
8,Q1,0.01,1.0%,61.17,55.62,81.2,7.586,7954384.0,14.0,41.0,952.0,7.43,0.4922,0.875,-49.66,-7.826,-2.0,-44.5,PRUNING_WIN
16,Q1,0.01,1.0%,75.11,67.75,93.17,8.052,8443358.0,13.0,45.5,848.0,7.21,0.5225,0.8125,-35.17,-7.36,-3.0,-39.0,PRUNING_WIN
32,Q1,0.01,1.0%,109.82,101.11,138.62,15.412,16161042.0,16.0,84.0,1088.0,7.37,1.0,1.0,0.0,0.0,0.0,0.0,BASELINE
64,Q1,0.01,1.0%,103.75,94.84,119.68,14.651,15363037.0,14.0,75.5,928.0,7.53,0.9506,0.875,-9.89,-0.761,-2.0,-11.5,TRANSITION_BALANCED
8,Q1,0.05,5.0%,87.04,80.17,98.73,19.76,20719488.0,23.0,152.0,1615450.0,6.46,0.7686,1.0,-58.58,-5.948,0.0,-33.0,PRUNING_WIN
16,Q1,0.05,5.0%,128.66,116.36,139.23,19.936,20904356.0,22.0,171.0,697191.0,7.42,0.7755,0.9565,-20.63,-5.772,-1.0,-23.0,PRUNING_WIN
32,Q1,0.05,5.0%,145.06,140.1,161.66,25.708,26956453.0,23.0,190.5,1488.0,6.59,1.0,1.0,0.0,0.0,0.0,0.0,BASELINE
64,Q1,0.05,5.0%,162.07,147.8,195.71,29.541,30975839.0,19.0,182.0,1328.0,7.16,1.1491,0.8261,15.62,3.833,-4.0,-6.0,SKIPPING_DEFICIT_PENALTY
8,Q1,0.10,10.0%,139.89,127.57,164.94,41.809,43840384.0,40.0,388.5,2298840.0,6.53,0.9218,1.0526,-108.56,-3.547,2.0,-8.0,PRUNING_WIN
16,Q1,0.10,10.0%,228.84,216.91,266.11,40.694,42670719.0,39.0,400.0,1500.0,7.46,0.8972,1.0263,-19.48,-4.663,1.0,0.0,PRUNING_WIN
32,Q1,0.10,10.0%,249.77,235.99,265.91,45.357,47559854.0,38.0,400.0,1488.0,7.02,1.0,1.0,0.0,0.0,0.0,0.0,BASELINE
64,Q1,0.10,10.0%,270.01,255.11,326.04,56.955,59721766.0,37.0,462.5,1488.0,6.47,1.2557,0.9737,25.29,11.599,-1.0,61.5,SKIPPING_DEFICIT_PENALTY
8,Q1,0.50,50.0%,204.84,187.71,273.3,70.455,73876964.0,64.0,674.0,9163832.0,7.12,0.9874,1.1429,-153.7,-0.901,8.0,-9.0,TRANSITION_BALANCED
16,Q1,0.50,50.0%,338.15,322.44,376.44,62.015,65027714.0,56.0,662.0,1552.0,7.14,0.8691,1.0,-22.25,-9.34,0.0,-30.0,PRUNING_WIN
32,Q1,0.50,50.0%,370.13,348.36,398.65,71.355,74821456.0,56.0,701.5,1488.0,6.6,1.0,1.0,0.0,0.0,0.0,0.0,BASELINE
64,Q1,0.50,50.0%,354.56,338.81,391.92,75.24,78894787.0,47.0,648.5,1488.0,7.0,1.0544,0.8393,-14.98,3.885,-9.0,-33.5,TRANSITION_BALANCED
8,Q2,0.0001,0.01%,39.02,35.24,49.79,4.889,5126482.0,19.0,14.0,1536.0,8.68,0.5744,0.95,-47.45,-3.622,-1.0,-22.0,PRUNING_WIN
16,Q2,0.0001,0.01%,79.66,74.52,91.29,4.355,4566909.0,19.0,20.0,1312.0,8.34,0.5117,0.95,-6.44,-4.155,-1.0,-16.0,TRANSITION_BALANCED
32,Q2,0.0001,0.01%,86.97,80.78,108.13,8.511,8924250.0,20.0,36.0,1328.0,8.68,1.0,1.0,0.0,0.0,0.0,0.0,BASELINE
64,Q2,0.0001,0.01%,118.1,110.59,139.53,15.219,15958331.0,22.0,74.0,1488.0,8.53,1.7882,1.1,31.78,6.708,2.0,36.0,SPLIT_OVERHEAD_PENALTY
8,Q2,0.001,0.1%,41.44,36.24,58.02,4.889,5126482.0,19.0,17.0,1312.0,8.61,0.5744,0.95,-48.05,-3.622,-1.0,-23.0,PRUNING_WIN
16,Q2,0.001,0.1%,82.19,75.66,108.03,4.355,4566909.0,19.0,22.0,1312.0,8.38,0.5117,0.95,-6.64,-4.155,-1.0,-16.5,TRANSITION_BALANCED
32,Q2,0.001,0.1%,89.34,83.32,106.53,8.511,8924250.0,20.0,39.5,1328.0,8.42,1.0,1.0,0.0,0.0,0.0,0.0,BASELINE
64,Q2,0.001,0.1%,122.26,111.92,145.5,15.219,15958331.0,22.0,72.0,1488.0,8.68,1.7882,1.1,31.59,6.708,2.0,34.0,SPLIT_OVERHEAD_PENALTY
8,Q2,0.01,1.0%,77.12,68.9,111.74,8.923,9356250.0,22.0,49.5,904006.0,8.52,0.5311,0.9167,-45.21,-7.877,-2.0,-46.5,PRUNING_WIN
16,Q2,0.01,1.0%,93.9,83.0,118.8,9.029,9467683.0,21.0,58.0,1408.0,8.8,0.5374,0.875,-31.41,-7.771,-3.0,-37.0,PRUNING_WIN
32,Q2,0.01,1.0%,123.35,111.12,148.68,16.8,17616042.0,24.0,96.5,1648.0,8.4,1.0,1.0,0.0,0.0,0.0,0.0,BASELINE
64,Q2,0.01,1.0%,123.93,113.67,146.78,15.637,16396118.0,22.0,84.0,1488.0,9.11,0.9307,0.9167,-1.19,-1.163,-2.0,-14.0,TRANSITION_BALANCED
8,Q2,0.05,5.0%,110.39,99.31,137.42,23.464,24604147.0,31.0,196.5,2750062.0,8.78,0.7928,1.0,-73.81,-6.131,0.0,-37.5,PRUNING_WIN
16,Q2,0.05,5.0%,159.66,142.62,183.71,23.235,24363256.0,30.0,209.5,2048.0,8.38,0.7851,0.9677,-27.37,-6.361,-1.0,-30.5,PRUNING_WIN
32,Q2,0.05,5.0%,185.02,172.23,213.66,29.595,31032752.0,31.0,236.0,2048.0,8.83,1.0,1.0,0.0,0.0,0.0,0.0,BASELINE
64,Q2,0.05,5.0%,188.47,178.03,208.73,32.874,34471107.0,27.0,219.0,1888.0,8.4,1.1108,0.871,-0.5,3.279,-4.0,-21.0,TRANSITION_BALANCED
8,Q2,0.10,10.0%,188.22,173.84,211.58,50.188,52625861.0,48.0,493.5,2197424.0,8.54,0.904,1.0435,-138.41,-5.332,2.0,-57.0,PRUNING_WIN
16,Q2,0.10,10.0%,311.44,297.1,353.05,50.27,52712096.0,47.0,510.5,1414604.0,8.89,0.9054,1.0217,-16.64,-5.25,1.0,-34.5,PRUNING_WIN
32,Q2,0.10,10.0%,330.12,308.2,380.94,55.52,58216928.0,46.0,554.0,2048.0,9.04,1.0,1.0,0.0,0.0,0.0,0.0,BASELINE
64,Q2,0.10,10.0%,344.59,328.28,365.78,65.406,68583410.0,45.0,590.5,2048.0,8.71,1.1781,0.9783,17.63,9.886,-1.0,34.5,SKIPPING_DEFICIT_PENALTY
8,Q2,0.50,50.0%,280.59,255.93,320.08,84.189,88278285.0,72.0,859.0,2482162.0,8.9,0.962,1.125,-204.61,-3.329,8.0,-36.5,PRUNING_WIN
16,Q2,0.50,50.0%,472.39,450.86,503.19,76.949,80686565.0,64.0,833.5,1414604.0,8.32,0.8792,1.0,-10.59,-10.569,0.0,-42.0,TRANSITION_BALANCED
32,Q2,0.50,50.0%,492.12,455.02,543.91,87.518,91769134.0,64.0,882.0,2048.0,8.77,1.0,1.0,0.0,0.0,0.0,0.0,BASELINE
64,Q2,0.50,50.0%,464.44,435.55,572.98,89.423,93766873.0,55.0,854.5,2048.0,8.45,1.0218,0.8594,-24.92,1.905,-9.0,-21.5,SPLIT_SCHEDULING_WIN
8,Q3,0.0001,0.01%,51.88,43.52,71.27,5.211,5464633.0,28.0,18.0,3624.0,15.32,0.572,0.9655,-51.98,-3.9,-1.0,-21.5,PRUNING_WIN
16,Q3,0.0001,0.01%,91.16,84.21,134.44,4.645,4870971.0,28.0,23.0,3624.0,14.18,0.5098,0.9655,-9.62,-4.466,-1.0,-16.5,TRANSITION_BALANCED
32,Q3,0.0001,0.01%,104.47,93.27,132.85,9.111,9553976.0,29.0,39.5,4492.0,14.47,1.0,1.0,0.0,0.0,0.0,0.0,BASELINE
64,Q3,0.0001,0.01%,136.62,125.1,166.19,16.343,17136640.0,31.0,71.0,6432.0,13.29,1.7937,1.069,29.69,7.231,2.0,29.5,SPLIT_OVERHEAD_PENALTY
8,Q3,0.001,0.1%,59.23,49.49,84.96,5.211,5464633.0,28.0,25.0,3624.0,15.25,0.572,0.9655,-51.23,-3.9,-1.0,-22.0,PRUNING_WIN
16,Q3,0.001,0.1%,97.25,87.83,110.3,4.645,4870971.0,28.0,30.0,3624.0,14.49,0.5098,0.9655,-12.99,-4.466,-1.0,-17.0,TRANSITION_BALANCED
32,Q3,0.001,0.1%,110.29,101.34,119.21,9.111,9553976.0,29.0,46.5,4560.0,13.46,1.0,1.0,0.0,0.0,0.0,0.0,BASELINE
64,Q3,0.001,0.1%,145.97,133.83,163.56,16.343,17136640.0,31.0,81.0,6432.0,14.66,1.7937,1.069,35.06,7.231,2.0,32.0,SPLIT_OVERHEAD_PENALTY
8,Q3,0.01,1.0%,102.55,89.45,121.4,9.582,10046983.0,31.0,82.0,1057576.0,15.14,0.5328,0.9394,-40.24,-8.402,-2.0,-45.0,PRUNING_WIN
16,Q3,0.01,1.0%,111.42,101.0,158.15,9.654,10122756.0,30.0,86.5,5496.0,14.87,0.5368,0.9091,-28.23,-8.33,-3.0,-44.0,PRUNING_WIN
32,Q3,0.01,1.0%,137.41,129.97,166.58,17.983,18857047.0,33.0,128.0,8304.0,13.93,1.0,1.0,0.0,0.0,0.0,0.0,BASELINE
64,Q3,0.01,1.0%,152.88,143.49,200.72,16.76,17574427.0,31.0,111.0,6432.0,14.37,0.932,0.9394,17.39,-1.223,-2.0,-14.0,TRANSITION_BALANCED
8,Q3,0.05,5.0%,127.62,120.07,151.05,25.371,26603212.0,40.0,344.5,4170231.0,13.48,0.7917,1.0,-80.45,-6.676,0.0,-40.0,PRUNING_WIN
16,Q3,0.05,5.0%,187.04,173.3,220.16,25.208,26432166.0,39.0,357.5,1501384.0,14.4,0.7866,0.975,-26.53,-6.839,-1.0,-34.0,PRUNING_WIN
32,Q3,0.05,5.0%,209.28,191.11,243.82,32.047,33603516.0,40.0,385.5,12984.0,13.61,1.0,1.0,0.0,0.0,0.0,0.0,BASELINE
64,Q3,0.05,5.0%,240.37,216.65,259.58,35.211,36921006.0,36.0,367.5,11112.0,14.67,1.0987,0.9,25.58,3.164,-4.0,-26.0,SKIPPING_DEFICIT_PENALTY
8,Q3,0.10,10.0%,236.58,198.49,283.99,54.504,57151707.0,57.0,924.5,10313245.0,14.63,0.9025,1.0364,-126.7,-5.886,2.0,-7.0,PRUNING_WIN
16,Q3,0.10,10.0%,342.84,327.04,392.12,54.812,57474397.0,56.0,904.0,1567182.0,14.51,0.9076,1.0182,-24.29,-5.579,1.0,-19.5,PRUNING_WIN
32,Q3,0.10,10.0%,357.13,340.78,404.38,60.39,63323882.0,55.0,925.0,12984.0,14.2,1.0,1.0,0.0,0.0,0.0,0.0,BASELINE
64,Q3,0.10,10.0%,377.98,345.61,477.55,71.21,74668580.0,54.0,1015.0,12984.0,13.86,1.1792,0.9818,22.94,10.819,-1.0,98.0,SKIPPING_DEFICIT_PENALTY
8,Q3,0.50,50.0%,362.97,321.82,514.97,91.221,95652361.0,81.0,1590.0,3091770.0,15.52,0.9551,1.1096,-175.58,-4.285,8.0,35.0,PRUNING_WIN
16,Q3,0.50,50.0%,524.69,490.92,590.74,85.151,89287369.0,73.0,1515.0,1502668.0,13.75,0.8916,1.0,-2.32,-10.355,0.0,-15.0,TRANSITION_BALANCED
32,Q3,0.50,50.0%,533.79,511.73,658.8,95.506,100145474.0,73.0,1530.0,12984.0,13.91,1.0,1.0,0.0,0.0,0.0,0.0,BASELINE
64,Q3,0.50,50.0%,525.92,492.39,599.31,97.472,102206310.0,64.0,1550.0,12984.0,14.46,1.0206,0.8767,4.76,1.965,-9.0,20.0,TRANSITION_BALANCED
