file_size_mib,query_family,selectivity_id,block_index,latency_x_ms,latency_baseline_ms,delta_ms
8,Q1,0.0001,2,112.1875,161.2093,-49.0218
8,Q1,0.0001,3,110.2576,170.8333,-60.5757
8,Q1,0.0001,4,104.8733,144.1346,-39.2613
8,Q1,0.0001,5,105.3824,153.2758,-47.8934
8,Q1,0.0001,6,90.7831,151.543,-60.7599
8,Q1,0.0001,7,109.2489,145.9015,-36.6526
8,Q1,0.0001,8,117.7971,141.6397,-23.8426
8,Q1,0.0001,9,104.8013,140.5127,-35.7114
8,Q1,0.0001,10,90.4815,165.6976,-75.2161
8,Q1,0.0001,11,101.1531,126.8893,-25.7362
8,Q1,0.0001,12,102.8705,151.9614,-49.0909
8,Q1,0.0001,13,95.9795,137.8885,-41.909
8,Q1,0.0001,14,100.7467,143.8523,-43.1056
8,Q1,0.0001,15,93.1237,157.2805,-64.1568
8,Q1,0.0001,16,104.2608,130.7637,-26.5029
8,Q1,0.0001,17,94.279,146.8979,-52.6189
8,Q1,0.0001,18,86.8472,157.2246,-70.3774
8,Q1,0.0001,19,89.5295,131.0456,-41.5161
8,Q1,0.0001,20,99.6883,137.5144,-37.8261
8,Q1,0.0001,21,110.9022,126.8317,-15.9295
8,Q1,0.001,2,115.0482,165.1103,-50.0621
8,Q1,0.001,3,101.0105,173.5634,-72.5529
8,Q1,0.001,4,116.3966,142.1761,-25.7795
8,Q1,0.001,5,92.641,147.9896,-55.3486
8,Q1,0.001,6,93.633,157.1488,-63.5158
8,Q1,0.001,7,106.6823,140.7366,-34.0543
8,Q1,0.001,8,99.5015,172.265,-72.7635
8,Q1,0.001,9,116.0325,147.7645,-31.732
8,Q1,0.001,10,99.5102,145.8242,-46.314
8,Q1,0.001,11,114.1896,135.2069,-21.0173
8,Q1,0.001,12,91.4974,156.9338,-65.4364
8,Q1,0.001,13,99.1998,138.6708,-39.471
8,Q1,0.001,14,94.9143,145.6373,-50.723
8,Q1,0.001,15,88.9795,141.6002,-52.6207
8,Q1,0.001,16,88.9712,142.9374,-53.9662
8,Q1,0.001,17,89.8451,146.6284,-56.7833
8,Q1,0.001,18,100.5839,156.6318,-56.0479
8,Q1,0.001,19,103.9112,140.4585,-36.5473
8,Q1,0.001,20,89.1807,133.5333,-44.3526
8,Q1,0.001,21,109.4192,147.7642,-38.345
8,Q1,0.01,2,129.2839,185.5786,-56.2947
8,Q1,0.01,3,135.6788,193.3953,-57.7165
8,Q1,0.01,4,127.2014,226.9477,-99.7463
8,Q1,0.01,5,135.1828,166.028,-30.8452
8,Q1,0.01,6,127.7448,166.5846,-38.8398
8,Q1,0.01,7,121.0864,174.7215,-53.6351
8,Q1,0.01,8,121.0113,165.916,-44.9047
8,Q1,0.01,9,117.4841,184.8337,-67.3496
8,Q1,0.01,10,149.2048,161.6605,-12.4557
8,Q1,0.01,11,119.8812,168.0964,-48.2152
8,Q1,0.01,12,125.664,207.7369,-82.0729
8,Q1,0.01,13,134.8616,168.0927,-33.2311
8,Q1,0.01,14,129.245,159.0044,-29.7594
8,Q1,0.01,15,115.5415,184.1879,-68.6464
8,Q1,0.01,16,117.8554,185.0613,-67.2059
8,Q1,0.01,17,125.0688,161.951,-36.8822
8,Q1,0.01,18,119.0884,174.6854,-55.597
8,Q1,0.01,19,120.8735,171.1854,-50.3119
8,Q1,0.01,20,133.0397,163.8703,-30.8306
8,Q1,0.01,21,119.0208,152.5161,-33.4953
8,Q1,0.05,2,153.698,225.3247,-71.6267
8,Q1,0.05,3,158.4071,256.0284,-97.6213
8,Q1,0.05,4,167.3844,230.5492,-63.1648
8,Q1,0.05,5,151.6205,206.4616,-54.8411
8,Q1,0.05,6,167.7216,212.2282,-44.5066
8,Q1,0.05,7,150.3476,220.0841,-69.7365
8,Q1,0.05,8,153.5327,204.0652,-50.5325
8,Q1,0.05,9,152.7991,225.5539,-72.7548
8,Q1,0.05,10,137.3908,219.1703,-81.7795
8,Q1,0.05,11,160.1499,215.2073,-55.0574
8,Q1,0.05,12,154.443,201.9717,-47.5287
8,Q1,0.05,13,153.8944,215.9312,-62.0368
8,Q1,0.05,14,136.519,213.9785,-77.4595
8,Q1,0.05,15,134.0669,220.8612,-86.7943
8,Q1,0.05,16,139.2679,205.0413,-65.7734
8,Q1,0.05,17,153.5704,212.4391,-58.8687
8,Q1,0.05,18,145.072,199.7939,-54.7219
8,Q1,0.05,19,135.3592,223.2015,-87.8423
8,Q1,0.05,20,141.5713,210.1976,-68.6263
8,Q1,0.05,21,153.9385,221.902,-67.9635
8,Q1,0.10,2,225.8399,339.6893,-113.8494
8,Q1,0.10,3,202.5189,321.3293,-118.8104
8,Q1,0.10,4,205.5811,314.5481,-108.967
8,Q1,0.10,5,198.4009,315.6058,-117.2049
8,Q1,0.10,6,226.5176,314.6503,-88.1327
8,Q1,0.10,7,194.2956,327.917,-133.6214
8,Q1,0.10,8,200.9599,309.7367,-108.7768
8,Q1,0.10,9,196.136,339.38,-143.244
8,Q1,0.10,10,234.2787,328.1614,-93.8827
8,Q1,0.10,11,230.809,313.2249,-82.4159
8,Q1,0.10,12,198.483,323.3084,-124.8254
8,Q1,0.10,13,210.0372,289.9195,-79.8823
8,Q1,0.10,14,207.6531,322.7633,-115.1102
8,Q1,0.10,15,202.2492,317.3367,-115.0875
8,Q1,0.10,16,200.6748,338.6868,-138.012
8,Q1,0.10,17,189.4925,321.1555,-131.663
8,Q1,0.10,18,192.3688,321.2592,-128.8904
8,Q1,0.10,19,210.1464,309.0417,-98.8953
8,Q1,0.10,20,215.0331,308.4595,-93.4264
8,Q1,0.10,21,201.3995,309.3197,-107.9202
8,Q1,0.50,2,347.571,478.5418,-130.9708
8,Q1,0.50,3,321.9741,470.6155,-148.6414
8,Q1,0.50,4,267.3027,422.6446,-155.3419
8,Q1,0.50,5,270.3497,443.5336,-173.1839
8,Q1,0.50,6,262.0265,476.0555,-214.029
8,Q1,0.50,7,245.1541,422.5639,-177.4098
8,Q1,0.50,8,352.2423,428.1006,-75.8583
8,Q1,0.50,9,257.7689,443.043,-185.2741
8,Q1,0.50,10,305.4398,455.7765,-150.3367
8,Q1,0.50,11,267.5253,468.9003,-201.375
8,Q1,0.50,12,323.5685,472.8314,-149.2629
8,Q1,0.50,13,282.9362,418.6888,-135.7526
8,Q1,0.50,14,277.3345,446.0313,-168.6968
8,Q1,0.50,15,260.6402,465.0443,-204.4041
8,Q1,0.50,16,277.5577,425.3815,-147.8238
8,Q1,0.50,17,430.7325,458.6288,-27.8963
8,Q1,0.50,18,264.9584,471.6006,-206.6422
8,Q1,0.50,19,269.7819,426.3287,-156.5468
8,Q1,0.50,20,252.7459,421.4093,-168.6634
8,Q1,0.50,21,275.9391,434.1666,-158.2275
8,Q2,0.0001,2,110.2306,155.9477,-45.7171
8,Q2,0.0001,3,108.3982,165.4138,-57.0156
8,Q2,0.0001,4,102.8568,159.0104,-56.1536
8,Q2,0.0001,5,102.1736,157.4149,-55.2413
8,Q2,0.0001,6,126.6488,149.1345,-22.4857
8,Q2,0.0001,7,96.7223,146.8913,-50.169
8,Q2,0.0001,8,107.5268,154.7565,-47.2297
8,Q2,0.0001,9,96.8807,134.9826,-38.1019
8,Q2,0.0001,10,109.6649,145.5241,-35.8592
8,Q2,0.0001,11,109.4502,141.9553,-32.5051
8,Q2,0.0001,12,103.3298,150.9808,-47.651
8,Q2,0.0001,13,98.6301,153.5828,-54.9527
8,Q2,0.0001,14,99.505,142.1458,-42.6408
8,Q2,0.0001,15,91.8772,149.1901,-57.3129
8,Q2,0.0001,16,87.5468,163.5953,-76.0485
8,Q2,0.0001,17,104.9203,137.5076,-32.5873
8,Q2,0.0001,18,94.949,141.3623,-46.4133
8,Q2,0.0001,19,86.0004,136.1795,-50.1791
8,Q2,0.0001,20,100.9965,152.8532,-51.8567
8,Q2,0.0001,21,103.0014,192.8889,-89.8875
8,Q2,0.001,2,116.5683,171.0024,-54.4341
8,Q2,0.001,3,121.1797,163.8002,-42.6205
8,Q2,0.001,4,105.2266,151.7075,-46.4809
8,Q2,0.001,5,94.7681,155.6069,-60.8388
8,Q2,0.001,6,113.5411,168.4437,-54.9026
8,Q2,0.001,7,111.8355,140.124,-28.2885
8,Q2,0.001,8,108.9607,157.6985,-48.7378
8,Q2,0.001,9,99.8001,158.6947,-58.8946
8,Q2,0.001,10,107.433,181.4141,-73.9811
8,Q2,0.001,11,108.0681,137.4872,-29.4191
8,Q2,0.001,12,119.5501,147.3967,-27.8466
8,Q2,0.001,13,92.7944,149.5239,-56.7295
8,Q2,0.001,14,109.6584,140.7775,-31.1191
8,Q2,0.001,15,88.7773,141.2351,-52.4578
8,Q2,0.001,16,105.5868,155.0962,-49.5094
8,Q2,0.001,17,94.5773,153.0819,-58.5046
8,Q2,0.001,18,98.4713,151.1773,-52.706
8,Q2,0.001,19,101.5923,146.1804,-44.5881
8,Q2,0.001,20,95.1248,141.8266,-46.7018
8,Q2,0.001,21,95.3101,159.8476,-64.5375
8,Q2,0.01,2,153.2835,194.6148,-41.3313
8,Q2,0.01,3,178.3136,215.6517,-37.3381
8,Q2,0.01,4,139.8667,210.3488,-70.4821
8,Q2,0.01,5,133.095,202.908,-69.813
8,Q2,0.01,6,137.1321,189.5247,-52.3926
8,Q2,0.01,7,139.2563,191.5291,-52.2728
8,Q2,0.01,8,140.2503,183.261,-43.0107
8,Q2,0.01,9,124.6751,173.3714,-48.6963
8,Q2,0.01,10,140.7274,189.4906,-48.7632
8,Q2,0.01,11,136.1217,178.2805,-42.1588
8,Q2,0.01,12,172.5501,203.145,-30.5949
8,Q2,0.01,13,146.4008,178.4659,-32.0651
8,Q2,0.01,14,140.4687,249.8352,-109.3665
8,Q2,0.01,15,128.6767,181.3644,-52.6877
8,Q2,0.01,16,144.4491,182.6268,-38.1777
8,Q2,0.01,17,152.2219,173.0183,-20.7964
8,Q2,0.01,18,127.186,198.5762,-71.3902
8,Q2,0.01,19,125.2074,183.6551,-58.4477
8,Q2,0.01,20,136.7689,190.1256,-53.3567
8,Q2,0.01,21,138.1602,188.3868,-50.2266
8,Q2,0.05,2,198.3323,247.9343,-49.602
8,Q2,0.05,3,167.7366,278.4543,-110.7177
8,Q2,0.05,4,162.3858,264.0944,-101.7086
8,Q2,0.05,5,161.8582,235.775,-73.9168
8,Q2,0.05,6,189.1789,243.1704,-53.9915
8,Q2,0.05,7,169.694,249.3026,-79.6086
8,Q2,0.05,8,168.3903,248.3445,-79.9542
8,Q2,0.05,9,160.7248,267.0984,-106.3736
8,Q2,0.05,10,191.5773,264.6886,-73.1113
8,Q2,0.05,11,188.3867,244.0254,-55.6387
8,Q2,0.05,12,209.807,296.5722,-86.7652
8,Q2,0.05,13,177.8031,249.2932,-71.4901
8,Q2,0.05,14,159.3343,239.7099,-80.3756
8,Q2,0.05,15,170.3584,286.5779,-116.2195
8,Q2,0.05,16,178.6726,260.6711,-81.9985
8,Q2,0.05,17,161.5397,246.9728,-85.4331
8,Q2,0.05,18,177.918,240.7204,-62.8024
8,Q2,0.05,19,166.4848,255.6687,-89.1839
8,Q2,0.05,20,169.7405,247.598,-77.8575
8,Q2,0.05,21,146.6554,241.8154,-95.16
8,Q2,0.10,2,276.295,414.6185,-138.3235
8,Q2,0.10,3,259.0009,389.6772,-130.6763
8,Q2,0.10,4,247.8278,404.7132,-156.8854
8,Q2,0.10,5,268.674,394.7472,-126.0732
8,Q2,0.10,6,243.2441,414.2646,-171.0205
8,Q2,0.10,7,250.3592,374.6863,-124.3271
8,Q2,0.10,8,252.8619,418.265,-165.4031
8,Q2,0.10,9,262.7681,392.48,-129.7119
8,Q2,0.10,10,244.8091,393.9872,-149.1781
8,Q2,0.10,11,266.9341,407.3428,-140.4087
8,Q2,0.10,12,293.6883,401.9367,-108.2484
8,Q2,0.10,13,270.813,397.1761,-126.3631
8,Q2,0.10,14,265.5273,415.6931,-150.1658
8,Q2,0.10,15,285.6358,456.2914,-170.6556
8,Q2,0.10,16,233.5151,448.9527,-215.4376
8,Q2,0.10,17,235.6354,464.7347,-229.0993
8,Q2,0.10,18,236.2425,411.9316,-175.6891
8,Q2,0.10,19,254.8922,448.864,-193.9718
8,Q2,0.10,20,254.0223,384.2917,-130.2694
8,Q2,0.10,21,239.7925,400.4061,-160.6136
8,Q2,0.50,2,383.6987,605.4332,-221.7345
8,Q2,0.50,3,351.6292,629.303,-277.6738
8,Q2,0.50,4,369.9817,574.1404,-204.1587
8,Q2,0.50,5,338.4078,582.2364,-243.8286
8,Q2,0.50,6,337.111,573.2841,-236.1731
8,Q2,0.50,7,398.3408,564.4327,-166.0919
8,Q2,0.50,8,343.9513,532.2224,-188.2711
8,Q2,0.50,9,435.3259,571.3308,-136.0049
8,Q2,0.50,10,360.7534,538.0059,-177.2525
8,Q2,0.50,11,332.6805,549.8234,-217.1429
8,Q2,0.50,12,401.5292,595.1234,-193.5942
8,Q2,0.50,13,347.3824,536.1301,-188.7477
8,Q2,0.50,14,335.4492,592.8093,-257.3601
8,Q2,0.50,15,354.9863,677.9661,-322.9798
8,Q2,0.50,16,348.0691,568.6725,-220.6034
8,Q2,0.50,17,333.0288,559.2776,-226.2488
8,Q2,0.50,18,367.5964,543.3098,-175.7134
8,Q2,0.50,19,330.3108,558.6549,-228.3441
8,Q2,0.50,20,376.1437,565.771,-189.6273
8,Q2,0.50,21,336.3218,616.6872,-280.3654
8,Q3,0.0001,2,125.5843,206.851,-81.2667
8,Q3,0.0001,3,110.8202,166.6124,-55.7922
8,Q3,0.0001,4,116.9699,169.1643,-52.1944
8,Q3,0.0001,5,127.7021,167.8477,-40.1456
8,Q3,0.0001,6,118.6567,194.1451,-75.4884
8,Q3,0.0001,7,104.1489,161.5839,-57.435
8,Q3,0.0001,8,115.9041,160.8174,-44.9133
8,Q3,0.0001,9,111.8405,181.0322,-69.1917
8,Q3,0.0001,10,126.0115,183.2035,-57.192
8,Q3,0.0001,11,110.9647,171.9202,-60.9555
8,Q3,0.0001,12,117.0927,204.808,-87.7153
8,Q3,0.0001,13,109.5763,170.6085,-61.0322
8,Q3,0.0001,14,129.524,151.8538,-22.3298
8,Q3,0.0001,15,96.6511,178.0879,-81.4368
8,Q3,0.0001,16,130.8376,153.9173,-23.0797
8,Q3,0.0001,17,134.5961,165.1627,-30.5666
8,Q3,0.0001,18,105.3122,160.0235,-54.7113
8,Q3,0.0001,19,117.6841,152.0858,-34.4017
8,Q3,0.0001,20,103.5115,169.6098,-66.0983
8,Q3,0.0001,21,91.9857,149.6311,-57.6454
8,Q3,0.001,2,132.7196,182.751,-50.0314
8,Q3,0.001,3,120.4149,184.0596,-63.6447
8,Q3,0.001,4,136.2155,182.3737,-46.1582
8,Q3,0.001,5,119.677,174.6856,-55.0086
8,Q3,0.001,6,122.0843,184.9565,-62.8722
8,Q3,0.001,7,135.9402,162.0601,-26.1199
8,Q3,0.001,8,114.6724,186.0076,-71.3352
8,Q3,0.001,9,125.5664,170.5324,-44.966
8,Q3,0.001,10,175.276,172.3403,2.9357
8,Q3,0.001,11,114.1744,212.0881,-97.9137
8,Q3,0.001,12,116.5582,166.756,-50.1978
8,Q3,0.001,13,106.3534,160.1169,-53.7635
8,Q3,0.001,14,122.4695,177.4213,-54.9518
8,Q3,0.001,15,103.2714,178.0742,-74.8028
8,Q3,0.001,16,109.5962,161.0521,-51.4559
8,Q3,0.001,17,126.3129,165.6316,-39.3187
8,Q3,0.001,18,102.4888,185.8203,-83.3315
8,Q3,0.001,19,111.6984,166.0338,-54.3354
8,Q3,0.001,20,99.1018,181.0887,-81.9869
8,Q3,0.001,21,157.4043,164.8121,-7.4078
8,Q3,0.01,2,177.4743,237.7842,-60.3099
8,Q3,0.01,3,192.3981,223.6847,-31.2866
8,Q3,0.01,4,158.834,212.5932,-53.7592
8,Q3,0.01,5,162.3006,210.4786,-48.178
8,Q3,0.01,6,185.4765,195.5279,-10.0514
8,Q3,0.01,7,169.6299,208.2367,-38.6068
8,Q3,0.01,8,155.2919,194.107,-38.8151
8,Q3,0.01,9,156.6224,211.6595,-55.0371
8,Q3,0.01,10,153.0365,216.6138,-63.5773
8,Q3,0.01,11,166.4738,214.9528,-48.479
8,Q3,0.01,12,167.9226,241.2463,-73.3237
8,Q3,0.01,13,165.6683,223.1051,-57.4368
8,Q3,0.01,14,145.6104,197.0323,-51.4219
8,Q3,0.01,15,173.5611,204.8433,-31.2822
8,Q3,0.01,16,161.3299,192.5299,-31.2
8,Q3,0.01,17,146.8313,199.8906,-53.0593
8,Q3,0.01,18,168.8825,219.8978,-51.0153
8,Q3,0.01,19,159.3024,192.6937,-33.3913
8,Q3,0.01,20,153.4504,197.1603,-43.7099
8,Q3,0.01,21,153.5156,188.6482,-35.1326
8,Q3,0.05,2,226.8119,314.1102,-87.2983
8,Q3,0.05,3,203.4733,291.1991,-87.7258
8,Q3,0.05,4,194.6241,287.7625,-93.1384
8,Q3,0.05,5,202.4278,282.5998,-80.172
8,Q3,0.05,6,192.2007,255.5722,-63.3715
8,Q3,0.05,7,209.3366,270.4326,-61.096
8,Q3,0.05,8,185.437,275.8262,-90.3892
8,Q3,0.05,9,196.1802,274.8664,-78.6862
8,Q3,0.05,10,217.8068,318.9146,-101.1078
8,Q3,0.05,11,199.7754,289.4232,-89.6478
8,Q3,0.05,12,185.9036,285.9639,-100.0603
8,Q3,0.05,13,218.6918,277.5864,-58.8946
8,Q3,0.05,14,197.5961,291.331,-93.7349
8,Q3,0.05,15,188.4174,271.1703,-82.7529
8,Q3,0.05,16,193.6738,300.6539,-106.9801
8,Q3,0.05,17,185.8288,257.9163,-72.0875
8,Q3,0.05,18,179.0968,272.8904,-93.7936
8,Q3,0.05,19,179.7144,252.485,-72.7706
8,Q3,0.05,20,196.096,255.9997,-59.9037
8,Q3,0.05,21,182.2762,277.5823,-95.3061
8,Q3,0.10,2,338.3666,488.5075,-150.1409
8,Q3,0.10,3,284.197,441.0117,-156.8147
8,Q3,0.10,4,316.8501,414.4657,-97.6156
8,Q3,0.10,5,346.2685,476.9936,-130.7251
8,Q3,0.10,6,273.1222,433.4919,-160.3697
8,Q3,0.10,7,368.3067,441.3928,-73.0861
8,Q3,0.10,8,319.421,424.6233,-105.2023
8,Q3,0.10,9,328.4265,425.9133,-97.4868
8,Q3,0.10,10,326.8169,420.3694,-93.5525
8,Q3,0.10,11,307.3541,430.4663,-123.1122
8,Q3,0.10,12,292.3611,449.3257,-156.9646
8,Q3,0.10,13,312.5788,418.0437,-105.4649
8,Q3,0.10,14,293.543,441.8898,-148.3468
8,Q3,0.10,15,329.9727,473.4173,-143.4446
8,Q3,0.10,16,301.8637,438.1842,-136.3205
8,Q3,0.10,17,263.7931,446.0801,-182.287
8,Q3,0.10,18,319.7013,454.1132,-134.4119
8,Q3,0.10,19,257.2575,397.7071,-140.4496
8,Q3,0.10,20,309.7569,475.5671,-165.8102
8,Q3,0.10,21,254.1156,445.147,-191.0314
8,Q3,0.50,2,637.1576,628.4892,8.6684
8,Q3,0.50,3,417.6779,578.8005,-161.1226
8,Q3,0.50,4,437.4803,618.5146,-181.0343
8,Q3,0.50,5,539.2475,620.4193,-81.1718
8,Q3,0.50,6,578.8072,607.0163,-28.2091
8,Q3,0.50,7,424.0806,612.8112,-188.7306
8,Q3,0.50,8,411.7057,613.7718,-202.0661
8,Q3,0.50,9,406.217,601.2838,-195.0668
8,Q3,0.50,10,603.6333,627.2252,-23.5919
8,Q3,0.50,11,517.8831,631.8872,-114.0041
8,Q3,0.50,12,444.8289,677.0484,-232.2195
8,Q3,0.50,13,440.7962,605.7439,-164.9477
8,Q3,0.50,14,422.4252,610.8417,-188.4165
8,Q3,0.50,15,450.1644,762.5804,-312.416
8,Q3,0.50,16,440.0519,749.5529,-309.501
8,Q3,0.50,17,470.4531,644.1423,-173.6892
8,Q3,0.50,18,416.8956,607.6338,-190.7382
8,Q3,0.50,19,505.9519,620.8497,-114.8978
8,Q3,0.50,20,380.8435,589.9837,-209.1402
8,Q3,0.50,21,530.1601,668.4115,-138.2514
16,Q1,0.0001,2,149.2884,161.2093,-11.9209
16,Q1,0.0001,3,129.5918,170.8333,-41.2415
16,Q1,0.0001,4,132.494,144.1346,-11.6406
16,Q1,0.0001,5,141.2246,153.2758,-12.0512
16,Q1,0.0001,6,122.3895,151.543,-29.1535
16,Q1,0.0001,7,135.2882,145.9015,-10.6133
16,Q1,0.0001,8,128.0308,141.6397,-13.6089
16,Q1,0.0001,9,124.4916,140.5127,-16.0211
16,Q1,0.0001,10,129.2605,165.6976,-36.4371
16,Q1,0.0001,11,125.4481,126.8893,-1.4412
16,Q1,0.0001,12,126.8512,151.9614,-25.1102
16,Q1,0.0001,13,135.9813,137.8885,-1.9072
16,Q1,0.0001,14,130.2867,143.8523,-13.5656
16,Q1,0.0001,15,117.7458,157.2805,-39.5347
16,Q1,0.0001,16,130.2608,130.7637,-0.5029
16,Q1,0.0001,17,116.2026,146.8979,-30.6953
16,Q1,0.0001,18,144.2873,157.2246,-12.9373
16,Q1,0.0001,19,134.9781,131.0456,3.9325
16,Q1,0.0001,20,126.9162,137.5144,-10.5982
16,Q1,0.0001,21,133.8823,126.8317,7.0506
16,Q1,0.001,2,137.4716,165.1103,-27.6387
16,Q1,0.001,3,133.7669,173.5634,-39.7965
16,Q1,0.001,4,132.1792,142.1761,-9.9969
16,Q1,0.001,5,128.6218,147.9896,-19.3678
16,Q1,0.001,6,135.2414,157.1488,-21.9074
16,Q1,0.001,7,132.1964,140.7366,-8.5402
16,Q1,0.001,8,126.8534,172.265,-45.4116
16,Q1,0.001,9,130.9483,147.7645,-16.8162
16,Q1,0.001,10,133.6352,145.8242,-12.189
16,Q1,0.001,11,137.3655,135.2069,2.1586
16,Q1,0.001,12,121.3492,156.9338,-35.5846
16,Q1,0.001,13,117.0066,138.6708,-21.6642
16,Q1,0.001,14,129.9955,145.6373,-15.6418
16,Q1,0.001,15,146.8648,141.6002,5.2646
16,Q1,0.001,16,124.2364,142.9374,-18.701
16,Q1,0.001,17,140.9834,146.6284,-5.645
16,Q1,0.001,18,129.3198,156.6318,-27.312
16,Q1,0.001,19,120.1637,140.4585,-20.2948
16,Q1,0.001,20,124.3426,133.5333,-9.1907
16,Q1,0.001,21,138.62,147.7642,-9.1442
16,Q1,0.01,2,142.0845,185.5786,-43.4941
16,Q1,0.01,3,131.0436,193.3953,-62.3517
16,Q1,0.01,4,142.556,226.9477,-84.3917
16,Q1,0.01,5,144.5636,166.028,-21.4644
16,Q1,0.01,6,136.513,166.5846,-30.0716
16,Q1,0.01,7,158.111,174.7215,-16.6105
16,Q1,0.01,8,126.2041,165.916,-39.7119
16,Q1,0.01,9,133.023,184.8337,-51.8107
16,Q1,0.01,10,130.4473,161.6605,-31.2132
16,Q1,0.01,11,141.6917,168.0964,-26.4047
16,Q1,0.01,12,144.1669,207.7369,-63.57
16,Q1,0.01,13,121.5432,168.0927,-46.5495
16,Q1,0.01,14,153.6688,159.0044,-5.3356
16,Q1,0.01,15,131.5387,184.1879,-52.6492
16,Q1,0.01,16,144.5414,185.0613,-40.5199
16,Q1,0.01,17,127.1651,161.951,-34.7859
16,Q1,0.01,18,131.6283,174.6854,-43.0571
16,Q1,0.01,19,139.2118,171.1854,-31.9736
16,Q1,0.01,20,121.7916,163.8703,-42.0787
16,Q1,0.01,21,155.3173,152.5161,2.8012
16,Q1,0.05,2,197.4479,225.3247,-27.8768
16,Q1,0.05,3,185.6571,256.0284,-70.3713
16,Q1,0.05,4,204.5993,230.5492,-25.9499
16,Q1,0.05,5,201.4594,206.4616,-5.0022
16,Q1,0.05,6,200.2479,212.2282,-11.9803
16,Q1,0.05,7,203.3804,220.0841,-16.7037
16,Q1,0.05,8,193.5032,204.0652,-10.562
16,Q1,0.05,9,198.0795,225.5539,-27.4744
16,Q1,0.05,10,191.0906,219.1703,-28.0797
16,Q1,0.05,11,177.3697,215.2073,-37.8376
16,Q1,0.05,12,189.6305,201.9717,-12.3412
16,Q1,0.05,13,179.5006,215.9312,-36.4306
16,Q1,0.05,14,193.3029,213.9785,-20.6756
16,Q1,0.05,15,204.6009,220.8612,-16.2603
16,Q1,0.05,16,251.5486,205.0413,46.5073
16,Q1,0.05,17,191.0886,212.4391,-21.3505
16,Q1,0.05,18,196.215,199.7939,-3.5789
16,Q1,0.05,19,164.6252,223.2015,-58.5763
16,Q1,0.05,20,177.1954,210.1976,-33.0022
16,Q1,0.05,21,185.8526,221.902,-36.0494
16,Q1,0.10,2,336.8395,339.6893,-2.8498
16,Q1,0.10,3,303.5282,321.3293,-17.8011
16,Q1,0.10,4,306.885,314.5481,-7.6631
16,Q1,0.10,5,293.0217,315.6058,-22.5841
16,Q1,0.10,6,312.6914,314.6503,-1.9589
16,Q1,0.10,7,306.4903,327.917,-21.4267
16,Q1,0.10,8,320.5382,309.7367,10.8015
16,Q1,0.10,9,287.9358,339.38,-51.4442
16,Q1,0.10,10,300.2342,328.1614,-27.9272
16,Q1,0.10,11,308.7897,313.2249,-4.4352
16,Q1,0.10,12,288.1683,323.3084,-35.1401
16,Q1,0.10,13,291.7329,289.9195,1.8134
16,Q1,0.10,14,297.0927,322.7633,-25.6706
16,Q1,0.10,15,287.7155,317.3367,-29.6212
16,Q1,0.10,16,306.9807,338.6868,-31.7061
16,Q1,0.10,17,293.598,321.1555,-27.5575
16,Q1,0.10,18,370.4911,321.2592,49.2319
16,Q1,0.10,19,286.0346,309.0417,-23.0071
16,Q1,0.10,20,291.8169,308.4595,-16.6426
16,Q1,0.10,21,287.2227,309.3197,-22.097
16,Q1,0.50,2,491.6128,478.5418,13.071
16,Q1,0.50,3,445.5956,470.6155,-25.0199
16,Q1,0.50,4,421.6206,422.6446,-1.024
16,Q1,0.50,5,397.2812,443.5336,-46.2524
16,Q1,0.50,6,402.3739,476.0555,-73.6816
16,Q1,0.50,7,414.2941,422.5639,-8.2698
16,Q1,0.50,8,409.6437,428.1006,-18.4569
16,Q1,0.50,9,439.5516,443.043,-3.4914
16,Q1,0.50,10,433.1495,455.7765,-22.627
16,Q1,0.50,11,398.615,468.9003,-70.2853
16,Q1,0.50,12,470.5476,472.8314,-2.2838
16,Q1,0.50,13,399.9432,418.6888,-18.7456
16,Q1,0.50,14,407.9375,446.0313,-38.0938
16,Q1,0.50,15,441.2675,465.0443,-23.7768
16,Q1,0.50,16,397.3747,425.3815,-28.0068
16,Q1,0.50,17,420.4813,458.6288,-38.1475
16,Q1,0.50,18,411.4077,471.6006,-60.1929
16,Q1,0.50,19,437.7145,426.3287,11.3858
16,Q1,0.50,20,427.7188,421.4093,6.3095
16,Q1,0.50,21,399.6263,434.1666,-34.5403
16,Q2,0.0001,2,154.7354,155.9477,-1.2123
16,Q2,0.0001,3,136.2099,165.4138,-29.2039
16,Q2,0.0001,4,143.5345,159.0104,-15.4759
16,Q2,0.0001,5,140.3007,157.4149,-17.1142
16,Q2,0.0001,6,139.0404,149.1345,-10.0941
16,Q2,0.0001,7,156.6134,146.8913,9.7221
16,Q2,0.0001,8,134.4148,154.7565,-20.3417
16,Q2,0.0001,9,141.5768,134.9826,6.5942
16,Q2,0.0001,10,158.8801,145.5241,13.356
16,Q2,0.0001,11,143.076,141.9553,1.1207
16,Q2,0.0001,12,148.0702,150.9808,-2.9106
16,Q2,0.0001,13,140.8589,153.5828,-12.7239
16,Q2,0.0001,14,135.0433,142.1458,-7.1025
16,Q2,0.0001,15,155.3078,149.1901,6.1177
16,Q2,0.0001,16,138.8443,163.5953,-24.751
16,Q2,0.0001,17,146.8619,137.5076,9.3543
16,Q2,0.0001,18,139.0006,141.3623,-2.3617
16,Q2,0.0001,19,144.9034,136.1795,8.7239
16,Q2,0.0001,20,129.1221,152.8532,-23.7311
16,Q2,0.0001,21,140.1306,192.8889,-52.7583
16,Q2,0.001,2,165.6285,171.0024,-5.3739
16,Q2,0.001,3,170.08,163.8002,6.2798
16,Q2,0.001,4,149.0272,151.7075,-2.6803
16,Q2,0.001,5,151.0541,155.6069,-4.5528
16,Q2,0.001,6,169.3502,168.4437,0.9065
16,Q2,0.001,7,139.8746,140.124,-0.2494
16,Q2,0.001,8,151.2133,157.6985,-6.4852
16,Q2,0.001,9,136.5364,158.6947,-22.1583
16,Q2,0.001,10,154.1488,181.4141,-27.2653
16,Q2,0.001,11,154.2692,137.4872,16.782
16,Q2,0.001,12,143.5537,147.3967,-3.843
16,Q2,0.001,13,150.2741,149.5239,0.7502
16,Q2,0.001,14,180.966,140.7775,40.1885
16,Q2,0.001,15,136.5643,141.2351,-4.6708
16,Q2,0.001,16,138.1562,155.0962,-16.94
16,Q2,0.001,17,143.7609,153.0819,-9.321
16,Q2,0.001,18,152.3991,151.1773,1.2218
16,Q2,0.001,19,132.2616,146.1804,-13.9188
16,Q2,0.001,20,135.5704,141.8266,-6.2562
16,Q2,0.001,21,140.4078,159.8476,-19.4398
16,Q2,0.01,2,167.0447,194.6148,-27.5701
16,Q2,0.01,3,162.3186,215.6517,-53.3331
16,Q2,0.01,4,174.5961,210.3488,-35.7527
16,Q2,0.01,5,172.6236,202.908,-30.2844
16,Q2,0.01,6,155.0946,189.5247,-34.4301
16,Q2,0.01,7,183.2096,191.5291,-8.3195
16,Q2,0.01,8,166.0939,183.261,-17.1671
16,Q2,0.01,9,142.0089,173.3714,-31.3625
16,Q2,0.01,10,159.6419,189.4906,-29.8487
16,Q2,0.01,11,135.7903,178.2805,-42.4902
16,Q2,0.01,12,182.7944,203.145,-20.3506
16,Q2,0.01,13,161.4491,178.4659,-17.0168
16,Q2,0.01,14,148.8305,249.8352,-101.0047
16,Q2,0.01,15,144.995,181.3644,-36.3694
16,Q2,0.01,16,177.5547,182.6268,-5.0721
16,Q2,0.01,17,138.7031,173.0183,-34.3152
16,Q2,0.01,18,141.237,198.5762,-57.3392
16,Q2,0.01,19,146.3299,183.6551,-37.3252
16,Q2,0.01,20,167.1992,190.1256,-22.9264
16,Q2,0.01,21,151.7979,188.3868,-36.5889
16,Q2,0.05,2,234.2637,247.9343,-13.6706
16,Q2,0.05,3,240.5564,278.4543,-37.8979
16,Q2,0.05,4,274.3275,264.0944,10.2331
16,Q2,0.05,5,227.6462,235.775,-8.1288
16,Q2,0.05,6,213.9332,243.1704,-29.2372
16,Q2,0.05,7,224.95,249.3026,-24.3526
16,Q2,0.05,8,239.4156,248.3445,-8.9289
16,Q2,0.05,9,229.491,267.0984,-37.6074
16,Q2,0.05,10,225.796,264.6886,-38.8926
16,Q2,0.05,11,210.8644,244.0254,-33.161
16,Q2,0.05,12,243.3936,296.5722,-53.1786
16,Q2,0.05,13,218.8535,249.2932,-30.4397
16,Q2,0.05,14,217.8925,239.7099,-21.8174
16,Q2,0.05,15,222.7494,286.5779,-63.8285
16,Q2,0.05,16,206.6636,260.6711,-54.0075
16,Q2,0.05,17,209.0962,246.9728,-37.8766
16,Q2,0.05,18,218.8953,240.7204,-21.8251
16,Q2,0.05,19,240.8692,255.6687,-14.7995
16,Q2,0.05,20,207.6522,247.598,-39.9458
16,Q2,0.05,21,198.124,241.8154,-43.6914
16,Q2,0.10,2,399.2269,414.6185,-15.3916
16,Q2,0.10,3,399.3477,389.6772,9.6705
16,Q2,0.10,4,379.6766,404.7132,-25.0366
16,Q2,0.10,5,388.5405,394.7472,-6.2067
16,Q2,0.10,6,371.702,414.2646,-42.5626
16,Q2,0.10,7,383.0885,374.6863,8.4022
16,Q2,0.10,8,384.6482,418.265,-33.6168
16,Q2,0.10,9,379.116,392.48,-13.364
16,Q2,0.10,10,405.9162,393.9872,11.929
16,Q2,0.10,11,372.0897,407.3428,-35.2531
16,Q2,0.10,12,410.7787,401.9367,8.842
16,Q2,0.10,13,374.3583,397.1761,-22.8178
16,Q2,0.10,14,369.928,415.6931,-45.7651
16,Q2,0.10,15,525.0029,456.2914,68.7115
16,Q2,0.10,16,394.9325,448.9527,-54.0202
16,Q2,0.10,17,389.7762,464.7347,-74.9585
16,Q2,0.10,18,388.7426,411.9316,-23.189
16,Q2,0.10,19,373.3085,448.864,-75.5555
16,Q2,0.10,20,423.5776,384.2917,39.2859
16,Q2,0.10,21,420.3903,400.4061,19.9842
16,Q2,0.50,2,614.2627,605.4332,8.8295
16,Q2,0.50,3,584.8176,629.303,-44.4854
16,Q2,0.50,4,554.8219,574.1404,-19.3185
16,Q2,0.50,5,577.9976,582.2364,-4.2388
16,Q2,0.50,6,564.4168,573.2841,-8.8673
16,Q2,0.50,7,568.4766,564.4327,4.0439
16,Q2,0.50,8,548.2461,532.2224,16.0237
16,Q2,0.50,9,559.644,571.3308,-11.6868
16,Q2,0.50,10,542.1661,538.0059,4.1602
16,Q2,0.50,11,539.4493,549.8234,-10.3741
16,Q2,0.50,12,564.1493,595.1234,-30.9741
16,Q2,0.50,13,538.3621,536.1301,2.232
16,Q2,0.50,14,538.5059,592.8093,-54.3034
16,Q2,0.50,15,576.9625,677.9661,-101.0036
16,Q2,0.50,16,583.2395,568.6725,14.567
16,Q2,0.50,17,568.8301,559.2776,9.5525
16,Q2,0.50,18,542.5546,543.3098,-0.7552
16,Q2,0.50,19,537.1264,558.6549,-21.5285
16,Q2,0.50,20,549.6521,565.771,-16.1189
16,Q2,0.50,21,530.8723,616.6872,-85.8149
16,Q3,0.0001,2,207.9223,206.851,1.0713
16,Q3,0.0001,3,169.3167,166.6124,2.7043
16,Q3,0.0001,4,167.6093,169.1643,-1.555
16,Q3,0.0001,5,167.9961,167.8477,0.1484
16,Q3,0.0001,6,156.6866,194.1451,-37.4585
16,Q3,0.0001,7,150.1211,161.5839,-11.4628
16,Q3,0.0001,8,153.6048,160.8174,-7.2126
16,Q3,0.0001,9,172.4589,181.0322,-8.5733
16,Q3,0.0001,10,145.1148,183.2035,-38.0887
16,Q3,0.0001,11,145.8368,171.9202,-26.0834
16,Q3,0.0001,12,155.5807,204.808,-49.2273
16,Q3,0.0001,13,150.5487,170.6085,-20.0598
16,Q3,0.0001,14,154.4113,151.8538,2.5575
16,Q3,0.0001,15,158.8123,178.0879,-19.2756
16,Q3,0.0001,16,152.235,153.9173,-1.6823
16,Q3,0.0001,17,215.8033,165.1627,50.6406
16,Q3,0.0001,18,153.9425,160.0235,-6.081
16,Q3,0.0001,19,144.6865,152.0858,-7.3993
16,Q3,0.0001,20,137.7498,169.6098,-31.86
16,Q3,0.0001,21,147.7639,149.6311,-1.8672
16,Q3,0.001,2,168.3261,182.751,-14.4249
16,Q3,0.001,3,155.3528,184.0596,-28.7068
16,Q3,0.001,4,168.0342,182.3737,-14.3395
16,Q3,0.001,5,165.8829,174.6856,-8.8027
16,Q3,0.001,6,173.7156,184.9565,-11.2409
16,Q3,0.001,7,171.9675,162.0601,9.9074
16,Q3,0.001,8,166.1914,186.0076,-19.8162
16,Q3,0.001,9,153.7495,170.5324,-16.7829
16,Q3,0.001,10,157.9547,172.3403,-14.3856
16,Q3,0.001,11,152.0846,212.0881,-60.0035
16,Q3,0.001,12,205.6069,166.756,38.8509
16,Q3,0.001,13,159.8842,160.1169,-0.2327
16,Q3,0.001,14,161.5702,177.4213,-15.8511
16,Q3,0.001,15,169.3685,178.0742,-8.7057
16,Q3,0.001,16,151.2802,161.0521,-9.7719
16,Q3,0.001,17,154.7642,165.6316,-10.8674
16,Q3,0.001,18,160.7525,185.8203,-25.0678
16,Q3,0.001,19,154.8115,166.0338,-11.2223
16,Q3,0.001,20,166.0655,181.0887,-15.0232
16,Q3,0.001,21,152.0622,164.8121,-12.7499
16,Q3,0.01,2,195.2638,237.7842,-42.5204
16,Q3,0.01,3,177.3802,223.6847,-46.3045
16,Q3,0.01,4,189.8314,212.5932,-22.7618
16,Q3,0.01,5,184.031,210.4786,-26.4476
16,Q3,0.01,6,189.4077,195.5279,-6.1202
16,Q3,0.01,7,164.3541,208.2367,-43.8826
16,Q3,0.01,8,170.0237,194.107,-24.0833
16,Q3,0.01,9,178.5613,211.6595,-33.0982
16,Q3,0.01,10,171.5587,216.6138,-45.0551
16,Q3,0.01,11,166.1327,214.9528,-48.8201
16,Q3,0.01,12,175.4422,241.2463,-65.8041
16,Q3,0.01,13,191.7275,223.1051,-31.3776
16,Q3,0.01,14,177.5241,197.0323,-19.5082
16,Q3,0.01,15,227.9177,204.8433,23.0744
16,Q3,0.01,16,234.6377,192.5299,42.1078
16,Q3,0.01,17,178.1076,199.8906,-21.783
16,Q3,0.01,18,218.3415,219.8978,-1.5563
16,Q3,0.01,19,166.6095,192.6937,-26.0842
16,Q3,0.01,20,163.8581,197.1603,-33.3022
16,Q3,0.01,21,180.5093,188.6482,-8.1389
16,Q3,0.05,2,294.7955,314.1102,-19.3147
16,Q3,0.05,3,247.0076,291.1991,-44.1915
16,Q3,0.05,4,250.801,287.7625,-36.9615
16,Q3,0.05,5,252.8241,282.5998,-29.7757
16,Q3,0.05,6,276.3095,255.5722,20.7373
16,Q3,0.05,7,275.3317,270.4326,4.8991
16,Q3,0.05,8,260.113,275.8262,-15.7132
16,Q3,0.05,9,241.1199,274.8664,-33.7465
16,Q3,0.05,10,243.9651,318.9146,-74.9495
16,Q3,0.05,11,238.7882,289.4232,-50.635
16,Q3,0.05,12,249.5768,285.9639,-36.3871
16,Q3,0.05,13,266.2908,277.5864,-11.2956
16,Q3,0.05,14,236.8178,291.331,-54.5132
16,Q3,0.05,15,236.9335,271.1703,-34.2368
16,Q3,0.05,16,248.2627,300.6539,-52.3912
16,Q3,0.05,17,259.8221,257.9163,1.9058
16,Q3,0.05,18,264.505,272.8904,-8.3854
16,Q3,0.05,19,261.2337,252.485,8.7487
16,Q3,0.05,20,281.5782,255.9997,25.5785
16,Q3,0.05,21,236.4163,277.5823,-41.166
16,Q3,0.10,2,441.4163,488.5075,-47.0912
16,Q3,0.10,3,416.5031,441.0117,-24.5086
16,Q3,0.10,4,459.3538,414.4657,44.8881
16,Q3,0.10,5,431.8421,476.9936,-45.1515
16,Q3,0.10,6,420.4371,433.4919,-13.0548
16,Q3,0.10,7,410.4975,441.3928,-30.8953
16,Q3,0.10,8,399.0131,424.6233,-25.6102
16,Q3,0.10,9,456.3455,425.9133,30.4322
16,Q3,0.10,10,405.3479,420.3694,-15.0215
16,Q3,0.10,11,401.9999,430.4663,-28.4664
16,Q3,0.10,12,401.3859,449.3257,-47.9398
16,Q3,0.10,13,429.0859,418.0437,11.0422
16,Q3,0.10,14,410.8704,441.8898,-31.0194
16,Q3,0.10,15,452.026,473.4173,-21.3913
16,Q3,0.10,16,395.6465,438.1842,-42.5377
16,Q3,0.10,17,564.4936,446.0801,118.4135
16,Q3,0.10,18,414.5411,454.1132,-39.5721
16,Q3,0.10,19,423.6855,397.7071,25.9784
16,Q3,0.10,20,434.7166,475.5671,-40.8505
16,Q3,0.10,21,405.2544,445.147,-39.8926
16,Q3,0.50,2,671.7016,628.4892,43.2124
16,Q3,0.50,3,594.4689,578.8005,15.6684
16,Q3,0.50,4,589.7149,618.5146,-28.7997
16,Q3,0.50,5,663.6818,620.4193,43.2625
16,Q3,0.50,6,604.7136,607.0163,-2.3027
16,Q3,0.50,7,607.0605,612.8112,-5.7507
16,Q3,0.50,8,663.7842,613.7718,50.0124
16,Q3,0.50,9,717.5921,601.2838,116.3083
16,Q3,0.50,10,628.9359,627.2252,1.7107
16,Q3,0.50,11,658.1235,631.8872,26.2363
16,Q3,0.50,12,673.6487,677.0484,-3.3997
16,Q3,0.50,13,679.8166,605.7439,74.0727
16,Q3,0.50,14,625.2549,610.8417,14.4132
16,Q3,0.50,15,591.6229,762.5804,-170.9575
16,Q3,0.50,16,616.7124,749.5529,-132.8405
16,Q3,0.50,17,593.1274,644.1423,-51.0149
16,Q3,0.50,18,575.5981,607.6338,-32.0357
16,Q3,0.50,19,576.0712,620.8497,-44.7785
16,Q3,0.50,20,593.6066,589.9837,3.6229
16,Q3,0.50,21,589.3677,668.4115,-79.0438
64,Q1,0.0001,2,172.2909,161.2093,11.0816
64,Q1,0.0001,3,176.3437,170.8333,5.5104
64,Q1,0.0001,4,169.2379,144.1346,25.1033
64,Q1,0.0001,5,158.4231,153.2758,5.1473
64,Q1,0.0001,6,153.9877,151.543,2.4447
64,Q1,0.0001,7,149.8474,145.9015,3.9459
64,Q1,0.0001,8,159.5723,141.6397,17.9326
64,Q1,0.0001,9,161.704,140.5127,21.1913
64,Q1,0.0001,10,165.0248,165.6976,-0.6728
64,Q1,0.0001,11,156.0289,126.8893,29.1396
64,Q1,0.0001,12,170.3977,151.9614,18.4363
64,Q1,0.0001,13,169.9532,137.8885,32.0647
64,Q1,0.0001,14,153.7657,143.8523,9.9134
64,Q1,0.0001,15,153.161,157.2805,-4.1195
64,Q1,0.0001,16,171.0369,130.7637,40.2732
64,Q1,0.0001,17,162.669,146.8979,15.7711
64,Q1,0.0001,18,162.5684,157.2246,5.3438
64,Q1,0.0001,19,180.5384,131.0456,49.4928
64,Q1,0.0001,20,157.4563,137.5144,19.9419
64,Q1,0.0001,21,154.289,126.8317,27.4573
64,Q1,0.001,2,168.5973,165.1103,3.487
64,Q1,0.001,3,175.4832,173.5634,1.9198
64,Q1,0.001,4,169.1407,142.1761,26.9646
64,Q1,0.001,5,161.6857,147.9896,13.6961
64,Q1,0.001,6,173.6716,157.1488,16.5228
64,Q1,0.001,7,167.5369,140.7366,26.8003
64,Q1,0.001,8,172.103,172.265,-0.162
64,Q1,0.001,9,183.4093,147.7645,35.6448
64,Q1,0.001,10,166.319,145.8242,20.4948
64,Q1,0.001,11,174.5714,135.2069,39.3645
64,Q1,0.001,12,191.0857,156.9338,34.1519
64,Q1,0.001,13,164.1553,138.6708,25.4845
64,Q1,0.001,14,169.089,145.6373,23.4517
64,Q1,0.001,15,162.8486,141.6002,21.2484
64,Q1,0.001,16,154.8194,142.9374,11.882
64,Q1,0.001,17,147.6664,146.6284,1.038
64,Q1,0.001,18,169.5685,156.6318,12.9367
64,Q1,0.001,19,154.9618,140.4585,14.5033
64,Q1,0.001,20,173.7909,133.5333,40.2576
64,Q1,0.001,21,161.313,147.7642,13.5488
64,Q1,0.01,2,179.1267,185.5786,-6.4519
64,Q1,0.01,3,176.7789,193.3953,-16.6164
64,Q1,0.01,4,179.6079,226.9477,-47.3398
64,Q1,0.01,5,162.5063,166.028,-3.5217
64,Q1,0.01,6,168.507,166.5846,1.9224
64,Q1,0.01,7,175.8951,174.7215,1.1736
64,Q1,0.01,8,160.8822,165.916,-5.0338
64,Q1,0.01,9,170.0712,184.8337,-14.7625
64,Q1,0.01,10,162.717,161.6605,1.0565
64,Q1,0.01,11,156.3781,168.0964,-11.7183
64,Q1,0.01,12,171.8726,207.7369,-35.8643
64,Q1,0.01,13,155.8468,168.0927,-12.2459
64,Q1,0.01,14,170.3457,159.0044,11.3413
64,Q1,0.01,15,170.8464,184.1879,-13.3415
64,Q1,0.01,16,189.0089,185.0613,3.9476
64,Q1,0.01,17,213.0691,161.951,51.1181
64,Q1,0.01,18,171.4513,174.6854,-3.2341
64,Q1,0.01,19,148.4977,171.1854,-22.6877
64,Q1,0.01,20,154.8657,163.8703,-9.0046
64,Q1,0.01,21,163.4038,152.5161,10.8877
64,Q1,0.05,2,260.7313,225.3247,35.4066
64,Q1,0.05,3,262.5327,256.0284,6.5043
64,Q1,0.05,4,243.2547,230.5492,12.7055
64,Q1,0.05,5,231.0842,206.4616,24.6226
64,Q1,0.05,6,230.8004,212.2282,18.5722
64,Q1,0.05,7,219.2625,220.0841,-0.8216
64,Q1,0.05,8,249.5686,204.0652,45.5034
64,Q1,0.05,9,237.1309,225.5539,11.577
64,Q1,0.05,10,218.3142,219.1703,-0.8561
64,Q1,0.05,11,225.0393,215.2073,9.832
64,Q1,0.05,12,227.9369,201.9717,25.9652
64,Q1,0.05,13,210.1146,215.9312,-5.8166
64,Q1,0.05,14,242.3891,213.9785,28.4106
64,Q1,0.05,15,257.1072,220.8612,36.246
64,Q1,0.05,16,265.7136,205.0413,60.6723
64,Q1,0.05,17,211.0323,212.4391,-1.4068
64,Q1,0.05,18,220.9263,199.7939,21.1324
64,Q1,0.05,19,220.813,223.2015,-2.3885
64,Q1,0.05,20,220.4607,210.1976,10.2631
64,Q1,0.05,21,223.0204,221.902,1.1184
64,Q1,0.10,2,403.2816,339.6893,63.5923
64,Q1,0.10,3,404.2244,321.3293,82.8951
64,Q1,0.10,4,345.0931,314.5481,30.545
64,Q1,0.10,5,365.6563,315.6058,50.0505
64,Q1,0.10,6,353.5183,314.6503,38.868
64,Q1,0.10,7,370.1734,327.917,42.2564
64,Q1,0.10,8,338.3351,309.7367,28.5984
64,Q1,0.10,9,365.9193,339.38,26.5393
64,Q1,0.10,10,344.5066,328.1614,16.3452
64,Q1,0.10,11,341.5363,313.2249,28.3114
64,Q1,0.10,12,337.5661,323.3084,14.2577
64,Q1,0.10,13,322.3521,289.9195,32.4326
64,Q1,0.10,14,352.0396,322.7633,29.2763
64,Q1,0.10,15,385.3853,317.3367,68.0486
64,Q1,0.10,16,338.1332,338.6868,-0.5536
64,Q1,0.10,17,352.9463,321.1555,31.7908
64,Q1,0.10,18,337.3945,321.2592,16.1353
64,Q1,0.10,19,332.293,309.0417,23.2513
64,Q1,0.10,20,299.9138,308.4595,-8.5457
64,Q1,0.10,21,336.3678,309.3197,27.0481
64,Q1,0.50,2,501.3395,478.5418,22.7977
64,Q1,0.50,3,421.0188,470.6155,-49.5967
64,Q1,0.50,4,457.4526,422.6446,34.808
64,Q1,0.50,5,470.1897,443.5336,26.6561
64,Q1,0.50,6,427.3023,476.0555,-48.7532
64,Q1,0.50,7,428.5109,422.5639,5.947
64,Q1,0.50,8,408.6641,428.1006,-19.4365
64,Q1,0.50,9,412.5843,443.043,-30.4587
64,Q1,0.50,10,418.6267,455.7765,-37.1498
64,Q1,0.50,11,441.0671,468.9003,-27.8332
64,Q1,0.50,12,408.6796,472.8314,-64.1518
64,Q1,0.50,13,451.1975,418.6888,32.5087
64,Q1,0.50,14,419.8806,446.0313,-26.1507
64,Q1,0.50,15,438.4556,465.0443,-26.5887
64,Q1,0.50,16,426.4248,425.3815,1.0433
64,Q1,0.50,17,442.6333,458.6288,-15.9955
64,Q1,0.50,18,421.1141,471.6006,-50.4865
64,Q1,0.50,19,459.6593,426.3287,33.3306
64,Q1,0.50,20,436.035,421.4093,14.6257
64,Q1,0.50,21,417.3546,434.1666,-16.812
64,Q2,0.0001,2,196.3244,155.9477,40.3767
64,Q2,0.0001,3,203.0177,165.4138,37.6039
64,Q2,0.0001,4,171.314,159.0104,12.3036
64,Q2,0.0001,5,184.899,157.4149,27.4841
64,Q2,0.0001,6,194.9409,149.1345,45.8064
64,Q2,0.0001,7,175.6446,146.8913,28.7533
64,Q2,0.0001,8,170.3237,154.7565,15.5672
64,Q2,0.0001,9,178.0876,134.9826,43.105
64,Q2,0.0001,10,169.3246,145.5241,23.8005
64,Q2,0.0001,11,176.6057,141.9553,34.6504
64,Q2,0.0001,12,188.7804,150.9808,37.7996
64,Q2,0.0001,13,193.72,153.5828,40.1372
64,Q2,0.0001,14,166.0633,142.1458,23.9175
64,Q2,0.0001,15,203.2965,149.1901,54.1064
64,Q2,0.0001,16,171.8808,163.5953,8.2855
64,Q2,0.0001,17,165.8649,137.5076,28.3573
64,Q2,0.0001,18,197.4347,141.3623,56.0724
64,Q2,0.0001,19,180.6341,136.1795,44.4546
64,Q2,0.0001,20,187.2707,152.8532,34.4175
64,Q2,0.0001,21,191.0835,192.8889,-1.8054
64,Q2,0.001,2,208.542,171.0024,37.5396
64,Q2,0.001,3,213.9136,163.8002,50.1134
64,Q2,0.001,4,187.1663,151.7075,35.4588
64,Q2,0.001,5,186.3181,155.6069,30.7112
64,Q2,0.001,6,195.4218,168.4437,26.9781
64,Q2,0.001,7,182.1696,140.124,42.0456
64,Q2,0.001,8,177.4608,157.6985,19.7623
64,Q2,0.001,9,187.2259,158.6947,28.5312
64,Q2,0.001,10,214.5961,181.4141,33.182
64,Q2,0.001,11,180.4283,137.4872,42.9411
64,Q2,0.001,12,195.589,147.3967,48.1923
64,Q2,0.001,13,206.5659,149.5239,57.042
64,Q2,0.001,14,182.1222,140.7775,41.3447
64,Q2,0.001,15,185.0721,141.2351,43.837
64,Q2,0.001,16,185.2045,155.0962,30.1083
64,Q2,0.001,17,168.6335,153.0819,15.5516
64,Q2,0.001,18,173.2995,151.1773,22.1222
64,Q2,0.001,19,199.6265,146.1804,53.4461
64,Q2,0.001,20,180.0952,141.8266,38.2686
64,Q2,0.001,21,179.6879,159.8476,19.8403
64,Q2,0.01,2,230.7537,194.6148,36.1389
64,Q2,0.01,3,202.5824,215.6517,-13.0693
64,Q2,0.01,4,211.6038,210.3488,1.255
64,Q2,0.01,5,197.5374,202.908,-5.3706
64,Q2,0.01,6,195.7485,189.5247,6.2238
64,Q2,0.01,7,175.461,191.5291,-16.0681
64,Q2,0.01,8,205.8586,183.261,22.5976
64,Q2,0.01,9,174.0872,173.3714,0.7158
64,Q2,0.01,10,183.5429,189.4906,-5.9477
64,Q2,0.01,11,184.0051,178.2805,5.7246
64,Q2,0.01,12,189.2516,203.145,-13.8934
64,Q2,0.01,13,209.3673,178.4659,30.9014
64,Q2,0.01,14,182.4709,249.8352,-67.3643
64,Q2,0.01,15,174.8051,181.3644,-6.5593
64,Q2,0.01,16,187.6118,182.6268,4.985
64,Q2,0.01,17,168.3798,173.0183,-4.6385
64,Q2,0.01,18,191.8302,198.5762,-6.746
64,Q2,0.01,19,174.0264,183.6551,-9.6287
64,Q2,0.01,20,187.5355,190.1256,-2.5901
64,Q2,0.01,21,176.6592,188.3868,-11.7276
64,Q2,0.05,2,293.0432,247.9343,45.1089
64,Q2,0.05,3,246.1344,278.4543,-32.3199
64,Q2,0.05,4,250.5338,264.0944,-13.5606
64,Q2,0.05,5,268.1429,235.775,32.3679
64,Q2,0.05,6,262.564,243.1704,19.3936
64,Q2,0.05,7,259.9456,249.3026,10.643
64,Q2,0.05,8,241.118,248.3445,-7.2265
64,Q2,0.05,9,260.3786,267.0984,-6.7198
64,Q2,0.05,10,247.4114,264.6886,-17.2772
64,Q2,0.05,11,256.1254,244.0254,12.1
64,Q2,0.05,12,254.1309,296.5722,-42.4413
64,Q2,0.05,13,245.342,249.2932,-3.9512
64,Q2,0.05,14,253.4766,239.7099,13.7667
64,Q2,0.05,15,273.8252,286.5779,-12.7527
64,Q2,0.05,16,249.0718,260.6711,-11.5993
64,Q2,0.05,17,274.5415,246.9728,27.5687
64,Q2,0.05,18,270.6189,240.7204,29.8985
64,Q2,0.05,19,254.2586,255.6687,-1.4101
64,Q2,0.05,20,246.0531,247.598,-1.5449
64,Q2,0.05,21,266.6509,241.8154,24.8355
64,Q2,0.10,2,439.9492,414.6185,25.3307
64,Q2,0.10,3,410.8858,389.6772,21.2086
64,Q2,0.10,4,407.5555,404.7132,2.8423
64,Q2,0.10,5,419.154,394.7472,24.4068
64,Q2,0.10,6,410.6378,414.2646,-3.6268
64,Q2,0.10,7,432.6264,374.6863,57.9401
64,Q2,0.10,8,400.428,418.265,-17.837
64,Q2,0.10,9,415.7858,392.48,23.3058
64,Q2,0.10,10,460.9278,393.9872,66.9406
64,Q2,0.10,11,433.5433,407.3428,26.2005
64,Q2,0.10,12,430.6297,401.9367,28.693
64,Q2,0.10,13,406.6717,397.1761,9.4956
64,Q2,0.10,14,440.81,415.6931,25.1169
64,Q2,0.10,15,437.0344,456.2914,-19.257
64,Q2,0.10,16,402.9929,448.9527,-45.9598
64,Q2,0.10,17,411.7837,464.7347,-52.951
64,Q2,0.10,18,440.7867,411.9316,28.8551
64,Q2,0.10,19,426.6656,448.864,-22.1984
64,Q2,0.10,20,422.9151,384.2917,38.6234
64,Q2,0.10,21,399.6495,400.4061,-0.7566
64,Q2,0.50,2,597.3432,605.4332,-8.09
64,Q2,0.50,3,533.2388,629.303,-96.0642
64,Q2,0.50,4,545.4588,574.1404,-28.6816
64,Q2,0.50,5,530.7427,582.2364,-51.4937
64,Q2,0.50,6,517.1621,573.2841,-56.122
64,Q2,0.50,7,551.8022,564.4327,-12.6305
64,Q2,0.50,8,668.7167,532.2224,136.4943
64,Q2,0.50,9,620.891,571.3308,49.5602
64,Q2,0.50,10,549.2481,538.0059,11.2422
64,Q2,0.50,11,581.7418,549.8234,31.9184
64,Q2,0.50,12,511.3711,595.1234,-83.7523
64,Q2,0.50,13,507.1615,536.1301,-28.9686
64,Q2,0.50,14,555.9042,592.8093,-36.9051
64,Q2,0.50,15,748.7709,677.9661,70.8048
64,Q2,0.50,16,540.356,568.6725,-28.3165
64,Q2,0.50,17,525.1037,559.2776,-34.1739
64,Q2,0.50,18,520.2942,543.3098,-23.0156
64,Q2,0.50,19,599.347,558.6549,40.6921
64,Q2,0.50,20,526.9207,565.771,-38.8503
64,Q2,0.50,21,522.6541,616.6872,-94.0331
64,Q3,0.0001,2,216.5359,206.851,9.6849
64,Q3,0.0001,3,206.4382,166.6124,39.8258
64,Q3,0.0001,4,208.3875,169.1643,39.2232
64,Q3,0.0001,5,199.0709,167.8477,31.2232
64,Q3,0.0001,6,196.6207,194.1451,2.4756
64,Q3,0.0001,7,236.8724,161.5839,75.2885
64,Q3,0.0001,8,199.4958,160.8174,38.6784
64,Q3,0.0001,9,201.081,181.0322,20.0488
64,Q3,0.0001,10,207.6748,183.2035,24.4713
64,Q3,0.0001,11,228.0628,171.9202,56.1426
64,Q3,0.0001,12,213.5074,204.808,8.6994
64,Q3,0.0001,13,203.129,170.6085,32.5205
64,Q3,0.0001,14,194.2261,151.8538,42.3723
64,Q3,0.0001,15,186.0049,178.0879,7.917
64,Q3,0.0001,16,201.3794,153.9173,47.4621
64,Q3,0.0001,17,184.115,165.1627,18.9523
64,Q3,0.0001,18,214.8282,160.0235,54.8047
64,Q3,0.0001,19,195.0569,152.0858,42.9711
64,Q3,0.0001,20,183.5112,169.6098,13.9014
64,Q3,0.0001,21,201.7977,149.6311,52.1666
64,Q3,0.001,2,221.6483,182.751,38.8973
64,Q3,0.001,3,216.7992,184.0596,32.7396
64,Q3,0.001,4,201.5889,182.3737,19.2152
64,Q3,0.001,5,215.153,174.6856,40.4674
64,Q3,0.001,6,202.3272,184.9565,17.3707
64,Q3,0.001,7,209.8284,162.0601,47.7683
64,Q3,0.001,8,200.4044,186.0076,14.3968
64,Q3,0.001,9,223.0986,170.5324,52.5662
64,Q3,0.001,10,238.6351,172.3403,66.2948
64,Q3,0.001,11,208.2653,212.0881,-3.8228
64,Q3,0.001,12,189.9191,166.756,23.1631
64,Q3,0.001,13,212.3471,160.1169,52.2302
64,Q3,0.001,14,220.4562,177.4213,43.0349
64,Q3,0.001,15,198.8683,178.0742,20.7941
64,Q3,0.001,16,206.5542,161.0521,45.5021
64,Q3,0.001,17,224.9621,165.6316,59.3305
64,Q3,0.001,18,193.5937,185.8203,7.7734
64,Q3,0.001,19,201.8428,166.0338,35.809
64,Q3,0.001,20,207.1756,181.0887,26.0869
64,Q3,0.001,21,197.4861,164.8121,32.674
64,Q3,0.01,2,230.0087,237.7842,-7.7755
64,Q3,0.01,3,258.2253,223.6847,34.5406
64,Q3,0.01,4,210.6188,212.5932,-1.9744
64,Q3,0.01,5,264.7464,210.4786,54.2678
64,Q3,0.01,6,209.2117,195.5279,13.6838
64,Q3,0.01,7,224.1245,208.2367,15.8878
64,Q3,0.01,8,220.0063,194.107,25.8993
64,Q3,0.01,9,218.0018,211.6595,6.3423
64,Q3,0.01,10,214.4628,216.6138,-2.151
64,Q3,0.01,11,256.7565,214.9528,41.8037
64,Q3,0.01,12,258.1324,241.2463,16.8861
64,Q3,0.01,13,265.9835,223.1051,42.8784
64,Q3,0.01,14,214.9447,197.0323,17.9124
64,Q3,0.01,15,207.7736,204.8433,2.9303
64,Q3,0.01,16,206.5488,192.5299,14.0189
64,Q3,0.01,17,213.3843,199.8906,13.4937
64,Q3,0.01,18,201.588,219.8978,-18.3098
64,Q3,0.01,19,219.0277,192.6937,26.334
64,Q3,0.01,20,221.1034,197.1603,23.9431
64,Q3,0.01,21,209.624,188.6482,20.9758
64,Q3,0.05,2,318.0466,314.1102,3.9364
64,Q3,0.05,3,327.1544,291.1991,35.9553
64,Q3,0.05,4,317.2988,287.7625,29.5363
64,Q3,0.05,5,289.8884,282.5998,7.2886
64,Q3,0.05,6,330.5778,255.5722,75.0056
64,Q3,0.05,7,350.4346,270.4326,80.002
64,Q3,0.05,8,298.6509,275.8262,22.8247
64,Q3,0.05,9,304.169,274.8664,29.3026
64,Q3,0.05,10,307.1926,318.9146,-11.722
64,Q3,0.05,11,291.2835,289.4232,1.8603
64,Q3,0.05,12,313.9106,285.9639,27.9467
64,Q3,0.05,13,334.988,277.5864,57.4016
64,Q3,0.05,14,326.3262,291.331,34.9952
64,Q3,0.05,15,286.3605,271.1703,15.1902
64,Q3,0.05,16,326.9656,300.6539,26.3117
64,Q3,0.05,17,301.8224,257.9163,43.9061
64,Q3,0.05,18,322.0998,272.8904,49.2094
64,Q3,0.05,19,315.6575,252.485,63.1725
64,Q3,0.05,20,270.2688,255.9997,14.2691
64,Q3,0.05,21,312.8038,277.5823,35.2215
64,Q3,0.10,2,566.3032,488.5075,77.7957
64,Q3,0.10,3,458.6256,441.0117,17.6139
64,Q3,0.10,4,438.9765,414.4657,24.5108
64,Q3,0.10,5,469.1676,476.9936,-7.826
64,Q3,0.10,6,511.0732,433.4919,77.5813
64,Q3,0.10,7,450.4106,441.3928,9.0178
64,Q3,0.10,8,513.0219,424.6233,88.3986
64,Q3,0.10,9,482.9358,425.9133,57.0225
64,Q3,0.10,10,449.5645,420.3694,29.1951
64,Q3,0.10,11,486.9585,430.4663,56.4922
64,Q3,0.10,12,498.7057,449.3257,49.38
64,Q3,0.10,13,436.1564,418.0437,18.1127
64,Q3,0.10,14,488.3491,441.8898,46.4593
64,Q3,0.10,15,555.0014,473.4173,81.5841
64,Q3,0.10,16,443.524,438.1842,5.3398
64,Q3,0.10,17,417.8966,446.0801,-28.1835
64,Q3,0.10,18,437.9253,454.1132,-16.1879
64,Q3,0.10,19,428.147,397.7071,30.4399
64,Q3,0.10,20,449.518,475.5671,-26.0491
64,Q3,0.10,21,444.565,445.147,-0.582
64,Q3,0.50,2,626.1733,628.4892,-2.3159
64,Q3,0.50,3,602.3591,578.8005,23.5586
64,Q3,0.50,4,719.8211,618.5146,101.3065
64,Q3,0.50,5,630.9141,620.4193,10.4948
64,Q3,0.50,6,606.8007,607.0163,-0.2156
64,Q3,0.50,7,616.9165,612.8112,4.1053
64,Q3,0.50,8,676.016,613.7718,62.2442
64,Q3,0.50,9,609.7019,601.2838,8.4181
64,Q3,0.50,10,603.5596,627.2252,-23.6656
64,Q3,0.50,11,598.5964,631.8872,-33.2908
64,Q3,0.50,12,694.9434,677.0484,17.895
64,Q3,0.50,13,626.789,605.7439,21.0451
64,Q3,0.50,14,649.8403,610.8417,38.9986
64,Q3,0.50,15,585.8029,762.5804,-176.7775
64,Q3,0.50,16,592.8114,749.5529,-156.7415
64,Q3,0.50,17,563.0948,644.1423,-81.0475
64,Q3,0.50,18,622.182,607.6338,14.5482
64,Q3,0.50,19,588.0246,620.8497,-32.8251
64,Q3,0.50,20,649.8144,589.9837,59.8307
64,Q3,0.50,21,603.762,668.4115,-64.6495
