file_size_mib,query_family,selectivity_id,selectivity_label,sample_count,p50_latency_ms,p95_latency_ms,ci_95_lower_ms,ci_95_upper_ms,ci_width_ms
8,Q1,0.0001,0.01%,20,102.0118,112.468,95.9582,105.1278,9.1696
8,Q1,0.001,0.1%,20,99.5058,116.0507,93.137,105.2968,12.1598
8,Q1,0.01,1.0%,20,125.3664,136.3551,120.3774,129.2644,8.8871
8,Q1,0.05,5.0%,20,153.1659,167.4013,143.3216,153.9165,10.5948
8,Q1,0.10,10.0%,20,202.3841,230.9825,199.5789,210.0918,10.5129
8,Q1,0.50,50.0%,20,273.1444,356.1668,266.2419,294.188,27.9461
8,Q2,0.0001,0.01%,20,102.5152,111.0515,97.7554,106.2236,8.4682
8,Q2,0.001,0.1%,20,105.4067,119.6316,96.8907,109.3096,12.4189
8,Q2,0.01,1.0%,20,139.5615,172.8383,136.4453,143.4348,6.9894
8,Q2,0.05,5.0%,20,169.7172,198.906,164.4353,178.2953,13.86
8,Q2,0.10,10.0%,20,254.4573,286.0384,246.3185,266.2307,19.9122
8,Q2,0.50,50.0%,20,349.8492,403.219,337.7594,368.7891,31.0296
8,Q3,0.0001,0.01%,20,116.437,131.0255,110.1982,122.1205,11.9223
8,Q3,0.001,0.1%,20,120.0459,158.2979,112.9364,126.3129,13.3765
8,Q3,0.01,1.0%,20,161.8153,185.8226,155.2919,168.4025,13.1107
8,Q3,0.05,5.0%,20,195.36,219.0978,188.4174,201.1016,12.6842
8,Q3,0.10,10.0%,20,311.1678,347.3704,292.9521,323.2591,30.307
8,Q3,0.50,50.0%,20,442.8125,605.3095,423.2529,511.9175,88.6646
16,Q1,0.0001,0.01%,20,129.9263,144.5374,126.8837,134.4302,7.5465
16,Q1,0.001,0.1%,20,131.5638,141.2775,127.7376,134.5041,6.7665
16,Q1,0.01,1.0%,20,137.8624,155.457,131.0436,143.3614,12.3178
16,Q1,0.05,5.0%,20,193.403,206.9483,188.3571,199.1788,10.8218
16,Q1,0.10,10.0%,20,298.6634,338.5221,291.7749,306.9328,15.1579
16,Q1,0.50,50.0%,20,417.3877,471.6009,405.1557,435.432,30.2763
16,Q2,0.0001,0.01%,20,141.2178,156.7267,139.0205,145.8827,6.8621
16,Q2,0.001,0.1%,20,149.6507,170.6243,140.1412,153.2739,13.1327
16,Q2,0.01,1.0%,20,160.5455,182.8152,147.5802,167.1219,19.5417
16,Q2,0.05,5.0%,20,223.8497,244.9403,215.9129,231.8773,15.9645
16,Q2,0.10,10.0%,20,388.6416,428.6489,379.3963,399.2888,19.8925
16,Q2,0.50,50.0%,20,557.2329,586.2899,542.3603,568.8301,26.4697
16,Q3,0.0001,0.01%,20,154.1769,208.3164,150.3349,163.2108,12.8759
16,Q3,0.001,0.1%,20,161.1613,175.3102,155.0821,167.1128,12.0307
16,Q3,0.01,1.0%,20,178.3344,228.2537,173.5005,189.6196,16.1191
16,Q3,0.05,5.0%,20,251.8126,282.2391,245.4864,262.8694,17.383
16,Q3,0.10,10.0%,20,418.4701,464.6108,407.9227,433.2794,25.3567
16,Q3,0.50,50.0%,20,611.8865,681.7054,593.367,660.9027,67.5357
32,Q1,0.0001,0.01%,20,145.0181,165.9544,139.2006,153.2758,14.0752
32,Q1,0.001,0.1%,20,146.2263,172.3299,141.8881,152.3107,10.4226
32,Q1,0.01,1.0%,20,169.6409,208.6974,165.916,184.5108,18.5948
32,Q1,0.05,5.0%,20,215.5692,231.8232,211.2129,221.3816,10.1687
32,Q1,0.10,10.0%,20,319.2461,339.3955,313.8865,323.0358,9.1493
32,Q1,0.50,50.0%,20,444.7824,476.1798,427.2147,466.9723,39.7576
32,Q2,0.0001,0.01%,20,150.0855,166.7876,143.8349,155.5101,11.6751
32,Q2,0.001,0.1%,20,152.3947,171.523,146.7886,158.1966,11.408
32,Q2,0.01,1.0%,20,189.5077,217.3609,182.9439,197.368,14.4241
32,Q2,0.05,5.0%,20,248.8188,287.0776,245.4991,262.3827,16.8836
32,Q2,0.10,10.0%,20,406.028,456.7136,395.9616,415.1558,19.1941
32,Q2,0.50,50.0%,20,570.0017,631.7362,558.6549,587.5229,28.868
32,Q3,0.0001,0.01%,20,168.506,204.9102,161.2007,175.004,13.8034
32,Q3,0.001,0.1%,20,176.0535,187.3116,166.3949,182.5741,16.1792
32,Q3,0.01,1.0%,20,209.3577,237.9573,197.0963,216.2455,19.1492
32,Q3,0.05,5.0%,20,277.5843,314.3504,272.0303,288.5929,16.5625
32,Q3,0.10,10.0%,20,441.2023,477.5693,428.1898,447.7029,19.5131
32,Q3,0.50,50.0%,20,619.4669,750.2043,609.2378,630.1882,20.9505
64,Q1,0.0001,0.01%,20,162.1362,176.5534,156.7426,169.5955,12.8529
64,Q1,0.001,0.1%,20,168.8432,183.7931,163.5019,172.8873,9.3854
64,Q1,0.01,1.0%,20,170.2084,190.2119,162.6116,173.8839,11.2722
64,Q1,0.05,5.0%,20,229.3686,262.6917,220.8696,243.2547,22.3851
64,Q1,0.10,10.0%,20,344.7999,403.3287,337.9481,359.3013,21.3532
64,Q1,0.50,50.0%,20,427.9066,471.7472,420.4497,441.8502,21.4005
64,Q2,0.0001,0.01%,20,182.7666,203.0316,173.4793,192.4018,18.9225
64,Q2,0.001,0.1%,20,185.7613,213.9477,181.2752,195.5054,14.2302
64,Q2,0.01,1.0%,20,187.5737,212.5613,179.565,196.643,17.0779
64,Q2,0.05,5.0%,20,255.192,275.4666,249.8028,264.6075,14.8046
64,Q2,0.10,10.0%,20,421.0346,441.8159,410.7618,433.0848,22.323
64,Q2,0.50,50.0%,20,542.9074,672.7194,526.0122,568.823,42.8108
64,Q3,0.0001,0.01%,20,201.5885,228.5033,197.8458,208.0312,10.1854
64,Q3,0.001,0.1%,20,207.7204,225.6458,201.7158,215.9761,14.2602
64,Q3,0.01,1.0%,20,218.5147,264.8083,212.0015,227.0666,15.0651
64,Q3,0.05,5.0%,20,314.7841,335.7603,302.9957,324.213,21.2173
64,Q3,0.10,10.0%,20,454.5181,555.5665,443.7167,488.3491,44.6324
64,Q3,0.50,50.0%,20,613.3092,696.1873,602.9593,628.8516,25.8922
